parameter_code,nSamples
00010,33481
00400,35131
00530,4709
00011,51
00070,25451
00080,25616
00310,18658
00340,15
00545,29711
00556,14953
00680,181
01092,10399
03615,893
34621,746
38260,7826
39032,754
50050,1658
51202,6903
70295,6986
74055,952
00640,126
00745,1728
00945,3472
01007,58
01027,5215
01034,432
01042,27491
01045,205
01051,14529
01055,208
01067,1187
01077,2305
01147,1276
32106,70
32730,405
34010,30
34030,30
34200,50
34205,50
34220,50
34242,115
34320,115
34336,30
34376,50
34381,50
34423,30
34461,50
34469,50
34526,115
34611,30
34694,369
34696,50
37371,30
39100,163
39110,30
51173,6340
71900,8904
81551,30
50060,22078
50064,108
39516,3
00600,5675
00609,2199
00665,18286
00719,217
01032,1056
34586,691
34601,683
34606,563
34616,698
61211,4598
82230,11156
00630,4400
00720,3621
00951,2764
01002,6745
30500,211
34726,7229
74056,960
51058,185
03501,3
09501,3
11503,7
13501,4
51489,108
00619,89
00610,762
70300,1202
00625,871
31639,249
46000,40
01022,2
00746,20
01059,332
01097,30
00722,64
39782,55
00940,52
01033,4
00900,33
01104,228
01105,65
01114,95
34230,20
34247,20
34403,20
34521,20
34556,20
00301,71
81017,1418
51450,156
00300,67
74057,2
00442,4
01288,42
00980,52
71845,6
01094,199
51085,1
01119,118
77146,15
77247,15
77493,14
80108,9
00978,6
74053,1
00927,1
01079,1
01113,2
71901,4
78248,4
01040,1
00650,3
00620,1
00480,84
81010,43
00662,6
81011,23
00670,11
