CRITERION_ID,hardness,limit
79228,25,0.261504770058343
79228,26,0.2698156336330312
79228,27,0.27806206578559406
79228,28,0.2862469262297815
79228,29,0.2943728504202698
79228,30,0.3024422742496728
79228,31,0.3104574552945025
79228,32,0.3184204911879448
79228,33,0.3263333355855384
79228,34,0.3341978121024133
79228,35,0.34201562653180567
79228,36,0.3497883775997916
79228,37,0.35751756646733046
79228,38,0.3652046051554077
79228,39,0.37285082404040626
79228,40,0.3804574785435012
79228,41,0.3880257551186933
79228,42,0.3955567766283121
79228,43,0.40305160718171795
79228,44,0.410511256502028
79228,45,0.41793668387657174
79228,46,0.42532880173911536
79228,47,0.4326884789254255
79228,48,0.44001654363827003
79228,49,0.4473137861532928
79228,50,0.4545809612932308
79228,51,0.4618187906945329
79228,52,0.46902796488752785
79228,53,0.4762091452087611
79228,54,0.4833629655619519
79228,55,0.4904900340421278
79228,56,0.4975909344358643
79228,57,0.5046662276091153
79228,58,0.5117164527928864
79228,59,0.5187421287758937
79228,60,0.5257437550123992
79228,61,0.5327218126525746
79228,62,0.5396767655019785
79228,63,0.546609060916098
79228,64,0.5535191306353024
79228,65,0.5604073915650516
79228,66,0.5672742465057293
79228,67,0.5741200848360715
79228,68,0.5809452831537855
79228,69,0.5877502058766314
79228,70,0.5945352058069457
79228,71,0.6013006246623155
79228,72,0.6080467935748842
79228,73,0.6147740335615521
79228,74,0.621482655967142
79228,75,0.6281729628824289
79228,76,0.6348452475387785
79228,77,0.6414997946809847
79228,78,0.6481368809197896
79228,79,0.6547567750654301
79228,80,0.6613597384434624
79228,81,0.6679460251940169
79228,82,0.6745158825555426
79228,83,0.68106955113403
79228,84,0.6876072651586158
79228,85,0.6941292527244157
79228,86,0.7006357360233613
79228,87,0.7071269315637765
79228,88,0.7136030503793499
79228,89,0.7200642982281464
79228,90,0.7265108757822291
79228,91,0.7329429788084328
79228,92,0.739360798340805
79228,93,0.7457645208451716
79228,94,0.7521543283762775
79228,95,0.7585303987279093
79228,96,0.764892905576382
79228,97,0.7712420186177518
79228,98,0.7775779036990893
79228,99,0.7839007229441306
79228,100,0.7902106348735999
79228,101,0.7965077945204765
79228,102,0.8027923535404758
79228,103,0.8090644603179813
79228,104,0.8153242600676525
79228,105,0.8215718949319425
79228,106,0.8278075040747046
79228,107,0.8340312237710985
79228,108,0.840243187493967
79228,109,0.8464435259968509
79228,110,0.8526323673938144
79228,111,0.8588098372362128
79228,112,0.8649760585865671
79228,113,0.8711311520896613
79228,114,0.8772752360409994
79228,115,0.8834084264527463
79228,116,0.8895308371172529
79228,117,0.8956425796682898
79228,118,0.9017437636400757
79228,119,0.9078344965242106
79228,120,0.9139148838246001
79228,121,0.9199850291104559
79228,122,0.9260450340674536
79228,123,0.9320949985471395
79228,124,0.9381350206146427
79228,125,0.9441651965947703
79228,126,0.9501856211165608
79228,127,0.9561963871563507
79228,128,0.9621975860794114
79228,129,0.9681893076802297
79228,130,0.974171640221466
79228,131,0.9801446704716649
79228,132,0.9861084837417505
79228,133,0.9920631639203618
79228,134,0.9980087935080721
79228,135,1.0039454536505399
79228,136,1.0098732241706223
79228,137,1.0157921835995005
79228,138,1.021702409206854
79228,139,1.0276039770301084
79228,140,1.033496961902809
79228,141,1.0393814374821364
79228,142,1.0452574762756037
79228,143,1.0511251496669696
79228,144,1.0569845279413834
79228,145,1.0628356803098
79228,146,1.0686786749326886
79228,147,1.074513578943057
79228,148,1.0803404584688199
79228,149,1.0861593786545338
79228,150,1.0919704036825135
79228,151,1.0977735967933655
79228,152,1.103569020305945
79228,153,1.1093567356367608
79228,154,1.1151368033188527
79228,155,1.1209092830201477
79228,156,1.1266742335613258
79228,157,1.1324317129331967
79228,158,1.1381817783136197
79228,159,1.1439244860839688
79228,160,1.149659891845163
79228,161,1.1553880504332827
79228,162,1.1611090159347612
79228,163,1.166822841701211
79228,164,1.1725295803638367
79228,165,1.178229283847501
79228,166,1.1839220033844244
79228,167,1.1896077895275372
79228,168,1.1952866921634988
79228,169,1.2009587605253926
79228,170,1.206624043205097
79228,171,1.2122825881653636
79228,172,1.2179344427515881
79228,173,1.2235796537032997
79228,174,1.229218267165367
79228,175,1.2348503286989418
79228,176,1.240475883292123
79228,177,1.246094975370394
79228,178,1.2517076488067815
79228,179,1.2573139469317949
79228,180,1.2629139125431268
79228,181,1.268507587915128
79228,182,1.2740950148080554
79228,183,1.279676234477123
79228,184,1.2852512876813236
79228,185,1.2908202146920698
79228,186,1.2963830553016262
79228,187,1.3019398488313478
79228,188,1.307490634139751
79228,189,1.3130354496303873
79228,190,1.3185743332595468
79228,191,1.3241073225437976
79228,192,1.3296344545673469
79228,193,1.3351557659892563
79228,194,1.3406712930504887
79228,195,1.346181071580805
79228,196,1.3516851370055152
79228,197,1.3571835243520844
79228,198,1.3626762682565938
79228,199,1.3681634029700689
79228,200,1.3736449623646738
79228,201,1.3791209799397717
79228,202,1.3845914888278645
79228,203,1.3900565218004024
79228,204,1.3955161112734824
79228,205,1.4009702893134166
79228,206,1.4064190876421958
79228,207,1.4118625376428464
79228,208,1.4173006703646605
79228,209,1.4227335165283386
79228,210,1.4281611065310222
79228,211,1.4335834704512223
79228,212,1.4390006380536533
79228,213,1.4444126387939724
79228,214,1.4498195018234237
79228,215,1.4552212559933906
79228,216,1.4606179298598614
79228,217,1.4660095516878024
79228,218,1.4713961494554566
79228,219,1.4767777508585511
79228,220,1.4821543833144228
79228,221,1.4875260739660752
79228,222,1.4928928496861493
79228,223,1.4982547370808164
79228,224,1.5036117624936118
79228,225,1.5089639520091824
79228,226,1.5143113314569696
79228,227,1.5196539264148254
79228,228,1.5249917622125633
79228,229,1.5303248639354323
79228,230,1.535653256427542
79228,231,1.5409769642952158
79228,232,1.5462960119102904
79228,233,1.551610423413342
79228,234,1.5569202227168752
79228,235,1.562225433508426
79228,236,1.56752607925365
79228,237,1.5728221831993066
79228,238,1.5781137683762325
79228,239,1.5834008576022434
79228,240,1.5886834734849757
79228,241,1.5939616384247068
79228,242,1.599235374617097
79228,243,1.6045047040558975
79228,244,1.609769648535617
79228,245,1.6150302296541248
79228,246,1.6202864688152308
79228,247,1.6255383872312075
79228,248,1.6307860059252632
79228,249,1.6360293457339945
79228,250,1.641268427309782
79228,251,1.6465032711231442
79228,252,1.651733897465063
79228,253,1.656960326449258
79228,254,1.6621825780144341
79228,255,1.6674006719264869
79228,256,1.6726146277806715
79228,257,1.6778244650037317
79228,258,1.6830302028560067
79228,259,1.688231860433491
79228,260,1.6934294566698642
79228,261,1.698623010338494
79228,262,1.7038125400543969
79228,263,1.7089980642761817
79228,264,1.7141796013079418
79228,265,1.719357169301137
79228,266,1.724530786256434
79228,267,1.7297004700255225
79228,268,1.734866238312899
79228,269,1.7400281086776286
79228,270,1.7451860985350742
79228,271,1.750340225158596
79228,272,1.755490505681236
79228,273,1.7606369570973646
79228,274,1.765779596264307
79228,275,1.7709184399039473
79228,276,1.776053504604299
79228,277,1.7811848068210703
79228,278,1.7863123628791755
79228,279,1.7914361889742534
79228,280,1.7965563011741474
79228,281,1.8016727154203689
79228,282,1.806785447529529
79228,283,1.8118945131947644
79228,284,1.8169999279871314
79228,285,1.8221017073569798
79228,286,1.8271998666353124
79228,287,1.8322944210351182
79228,288,1.837385385652689
79228,289,1.8424727754689159
79228,290,1.8475566053505712
79228,291,1.8526368900515673
79228,292,1.8577136442141884
79228,293,1.8627868823703329
79228,294,1.8678566189427006
79228,295,1.8729228682459949
79228,296,1.877985644488087
79228,297,1.8830449617711766
79228,298,1.8881008340929262
79228,299,1.8931532753475906
79228,300,1.8982022993271115
79228,301,1.9032479197222276
79228,302,1.9082901501235356
79228,303,1.9133290040225548
79228,304,1.9183644948127818
79228,305,1.9233966357907115
79228,306,1.9284254401568628
79228,307,1.9334509210167845
79228,308,1.9384730913820354
79228,309,1.9434919641711728
79228,310,1.9485075522107056
79228,311,1.9535198682360515
79228,312,1.9585289248924793
79228,313,1.9635347347360188
79228,314,1.9685373102343877
79228,315,1.973536663767885
79228,316,1.978532807630282
79228,317,1.9835257540296942
79228,318,1.9885155150894558
79228,319,1.9935021028489648
79228,320,1.9984855292645287
79228,321,2.003465806210192
79228,322,2.0084429454785657
79228,323,2.0134169587816233
79228,324,2.0183878577515153
79228,325,2.0233556539413433
79228,326,2.0283203588259515
79228,327,2.033281983802683
79228,328,2.0382405401921533
79228,329,2.04319603923898
79228,330,2.048148492112541
79228,331,2.0530979099076943
79228,332,2.058044303645501
79228,333,2.062987684273935
79228,334,2.067928062668586
79228,335,2.0728654496333596
79228,336,2.0777998559011555
79228,337,2.0827312921345413
79228,338,2.0876597689264313
79228,339,2.092585296800738
79228,340,2.0975078862130236
79228,341,2.1024275475511507
79228,342,2.1073442911359055
79228,343,2.1122581272216414
79228,344,2.1171690659968854
79228,345,2.122077117584959
79228,346,2.1269822920445787
79228,347,2.131884599370452
79228,348,2.1367840494938815
79228,349,2.141680652283327
79228,350,2.146574417544999
79228,351,2.151465355023422
79228,352,2.1563534744019974
79228,353,2.1612387853035533
79228,354,2.16612129729091
79228,355,2.171001019867402
79228,356,2.1758779624774314
79228,357,2.1807521345069905
79228,358,2.1856235452841863
79228,359,2.190492204079757
79228,360,2.195358120107586
79228,361,2.200221302525203
79228,362,2.2050817604342945
79228,363,2.2099395028811823
79228,364,2.2147945388573267
79228,365,2.2196468772997986
79228,366,2.224496527091755
79228,367,2.2293434970629296
79228,368,2.23418779599007
79228,369,2.23902943259742
79228,370,2.24386841555717
79228,371,2.2487047534899043
79228,372,2.2535384549650477
79228,373,2.2583695285013112
79228,374,2.2631979825671094
79228,375,2.2680238255810194
79228,376,2.272847065912181
79228,377,2.277667711880731
79228,378,2.282485771758213
79228,379,2.287301253767997
79228,380,2.292114166085679
79228,381,2.2969245168394807
79228,382,2.301732314110659
79228,383,2.306537565933889
79228,384,2.311340280297658
79228,385,2.3161404651446547
79228,386,2.320938128372137
79228,387,2.325733277832322
79228,388,2.3305259213327565
79228,389,2.3353160666366746
79228,390,2.340103721463382
79228,391,2.344888893488593
79228,392,2.3496715903448058
79228,393,2.3544518196216546
79228,394,2.3592295888662433
79228,395,2.3640049055835064
79228,396,2.3687777772365446
79228,397,2.373548211246965
79228,398,2.3783162149952153
79228,399,2.383081795820913
79228,400,2.387844961023171
79238,25,7.038952036002546
79238,26,7.268726211998809
79238,27,7.496905933756582
79238,28,7.723560742950589
79238,29,7.948754778467547
79238,30,8.172547367661858
79238,31,8.394993535380944
79238,32,8.61614444447783
79238,33,8.836047778883323
79238,34,9.054748078239681
79238,35,9.272287031463792
79238,36,9.488703735308786
79238,37,9.704034922952642
79238,38,9.918315166803723
79238,39,10.131577059032569
79238,40,10.343851372784068
79238,41,10.555167206568278
79238,42,10.765552113952094
79238,43,10.975032220362214
79238,44,11.18363232854982
79238,45,11.391376014050019
79238,46,11.598285711786305
79238,47,11.804382794815787
79238,48,12.009687646080353
79238,49,12.214219723917513
79238,50,12.417997621989866
79238,51,12.621039124210647
79238,52,12.82336125517306
79238,53,13.024980326530692
79238,54,13.225911979724312
79238,55,13.426171225405115
79238,56,13.625772479865214
79238,57,13.82472959875186
79238,58,14.023055908312037
79238,59,14.22076423438769
79238,60,14.41786692935887
79238,61,14.61437589721189
79238,62,14.8103026168913
79238,63,15.005658164079227
79238,64,15.200453231531034
79238,65,15.39469814808409
79238,66,15.588402896445333
79238,67,15.781577129853355
79238,68,15.974230187701906
79238,69,16.166371110203904
79238,70,16.35800865216795
79238,71,16.549151295952843
79238,72,16.739807263660147
79238,73,16.92998452861948
79238,74,17.11969082621675
79238,75,17.30893366411118
79238,76,17.497720331883514
79238,77,17.68605791015382
79238,78,17.873953279204862
79238,79,18.06141312714368
79238,80,18.248443957631572
79238,81,18.435052097210686
79238,82,18.621243702252556
79238,83,18.807024765552963
79238,84,18.992401122594693
79238,85,19.177378457499024
79238,86,19.361962308684607
79238,87,19.54615807425169
79238,88,19.729971017107584
79238,89,19.913406269849066
79238,90,20.0964688394155
79238,91,20.279163611526013
79238,92,20.461495354912973
79238,93,20.643468725363316
79238,94,20.825088269578238
79238,95,21.00635842886149
79238,96,21.187283542645368
79238,97,21.367867851863323
79238,98,21.548115502177364
79238,99,21.728030547067785
79238,100,21.907616950792672
79238,101,22.086878591223524
79238,102,22.26581926256388
79238,103,22.444442677956445
79238,104,22.622752471984363
79238,105,22.80075220307228
79238,106,22.978445355791646
79238,107,23.155835343075275
79238,108,23.332925508345415
79238,109,23.50971912755945
79238,110,23.686219411177298
79238,111,23.862429506053914
79238,112,24.03835249726083
79238,113,24.213991409839448
79238,114,24.389349210489684
79238,115,24.56442880919671
79238,116,24.73923306079859
79238,117,24.913764766497398
79238,118,25.088026675316435
79238,119,25.26202148550583
79238,120,25.43575184589879
79238,121,25.609220357220657
79238,122,25.7824295733527
79238,123,25.955382002552653
79238,124,26.128080108633924
79238,125,26.300526312104743
79238,126,26.4727229912696
79238,127,26.644672483294
79238,128,26.81637708523408
79238,129,26.987839055032833
79238,130,27.159060612483877
79238,131,27.33004394016438
79238,132,27.500791184338176
79238,133,27.671304455830242
79238,134,27.84158583087377
79238,135,28.0116373519309
79238,136,28.181461028487856
79238,137,28.35105883782571
79238,138,28.520432725767908
79238,139,28.689584607404665
79238,140,28.858516367796085
79238,141,29.027229862653943
79238,142,29.195726919003345
79238,143,29.3640093358251
79238,144,29.532078884679176
79238,145,29.699937310309913
79238,146,29.86758633123407
79238,147,30.035027640311952
79238,148,30.20226290530221
79238,149,30.369293769401068
79238,150,30.536121851766403
79238,151,30.702748748027222
79238,152,30.869176030779037
79238,153,31.03540525006567
79238,154,31.20143793384781
79238,155,31.367275588458885
79238,156,31.532919699048733
79238,157,31.698371730015264
79238,158,31.863633125424744
79238,159,32.02870530942077
79238,160,32.19358968662281
79238,161,32.358287642514036
79238,162,32.52280054381927
79238,163,32.6871297388731
79238,164,32.851276557978565
79238,165,33.01524231375673
79238,166,33.179028301487456
79238,167,33.34263579944137
79238,168,33.506066069203875
79238,169,33.669320355990834
79238,170,33.83239988895647
79238,171,33.99530588149381
79238,172,34.15803953152777
79238,173,34.320602021801015
79238,174,34.48299452015297
79238,175,34.64521817979223
79238,176,34.80727413956229
79238,177,34.969163524201086
79238,178,35.13088744459435
79238,179,35.29244699802307
79238,180,35.45384326840509
79238,181,35.61507732653123
79238,182,35.77615023029575
79238,183,35.93706302492191
79238,184,36.09781674318175
79238,185,36.25841240561149
79238,186,36.4188510207219
79238,187,36.57913358520351
79238,188,36.73926108412794
79238,189,36.899234491144334
79238,190,37.0590547686713
79238,191,37.21872286808514
79238,192,37.37823972990344
79238,193,37.537606283965076
79238,194,37.696823449605965
79238,195,37.85589213583133
79238,196,38.01481324148414
79238,197,38.17358765540987
79238,198,38.33221625661795
79238,199,38.490699914439745
79238,200,38.64903948868299
79238,201,38.807235829783544
79238,202,38.96528977895329
79238,203,39.12320216832551
79238,204,39.28097382109714
79238,205,39.438605551667884
79238,206,39.59609816577676
79238,207,39.753452460635764
79238,208,39.91066922506097
79238,209,40.06774923960061
79238,210,40.22469327666111
79238,211,40.38150210063022
79238,212,40.53817646799796
79238,213,40.694717127474945
79238,214,40.85112482010861
79238,215,41.00740027939709
79238,216,41.163544231400856
79238,217,41.3195573948521
79238,218,41.47544048126217
79238,219,41.63119419502707
79238,220,41.786819233530466
79238,221,41.94231628724527
79238,222,42.09768603983298
79238,223,42.25292916824122
79238,224,42.40804634279952
79238,225,42.563038227313335
79238,226,42.71790547915598
79238,227,42.87264874935944
79238,228,43.027268682703045
79238,229,43.181765917800675
79238,230,43.33614108718635
79238,231,43.490394817398396
79238,232,43.64452772906192
79238,233,43.79854043696968
79238,234,43.952433550162006
79238,235,44.10620767200476
79238,236,44.259863400266106
79238,237,44.41340132719207
79238,238,44.566822039580494
79238,239,44.720126118853855
79238,240,44.87331414113094
79238,241,45.02638667729681
79238,242,45.179344293072205
79238,243,45.33218754908104
79238,244,45.48491700091748
79238,245,45.63753319921117
79238,246,45.79003668969178
79238,247,45.942428013252574
79238,248,46.09470770601217
79238,249,46.246876299376225
79238,250,46.398934320097446
79238,251,46.550882290334705
79238,252,46.70272072771136
79238,253,46.85445014537246
79238,254,47.00607105204091
79238,255,47.15758395207298
79238,256,47.30898934551284
79238,257,47.460287728145786
79238,258,47.611479591551195
79238,259,47.76256542315439
79238,260,47.91354570627755
79238,261,48.06442092018983
79238,262,48.21519154015683
79238,263,48.36585803748934
79238,264,48.51642087959067
79238,265,48.66688053000435
79238,266,48.81723744845999
79238,267,48.96749209091903
79238,268,49.11764490961963
79238,269,49.26769635312076
79238,270,49.41764686634592
79238,271,49.56749689062558
79238,272,49.717246863739724
79238,273,49.86689721995911
79238,274,50.01644839008633
79238,275,50.1659008014958
79238,276,50.31525487817366
79238,277,50.46451104075677
79238,278,50.61366970657098
79238,279,50.76273128966921
79238,280,50.91169620086864
79238,281,51.06056484778748
79238,282,51.2093376348813
79238,283,51.358014963478396
79238,284,51.5065972318152
79238,285,51.65508483507088
79238,286,51.80347816540121
79238,287,51.95177761197258
79238,288,52.099983560994744
79238,289,52.24809639575366
79238,290,52.39611649664363
79238,291,52.544044241199096
79238,292,52.69188000412559
79238,293,52.83962415733096
79238,294,52.98727706995542
79238,295,53.13483910840163
79238,296,53.2823106363641
79238,297,53.42969201485856
79238,298,53.57698360225021
79238,299,53.72418575428228
79238,300,53.87129882410389
79238,301,54.01832316229764
79238,302,54.16525911690644
79238,303,54.3121070334605
79238,304,54.458867255003696
79238,305,54.60554012211934
79238,306,54.75212597295611
79238,307,54.89862514325323
79238,308,55.04503796636554
79238,309,55.19136477328791
79238,310,55.33760589267955
79238,311,55.48376165088824
79238,312,55.62983237197369
79238,313,55.77581837773096
79238,314,55.921719987713516
79238,315,56.067537519255815
79238,316,56.21327128749579
79238,317,56.35892160539687
79238,318,56.50448878377007
79238,319,56.64997313129501
79238,320,56.79537495454168
79238,321,56.94069455799119
79238,322,57.08593224405629
79238,323,57.23108831310208
79238,324,57.37616306346605
79238,325,57.52115679147796
79238,326,57.66606979147961
79238,327,57.810902355843965
79238,328,57.95565477499464
79238,329,58.10032733742447
79238,330,58.24492032971454
79238,331,58.38943403655223
79238,332,58.53386874074962
79238,333,58.67822472326153
79238,334,58.822502263202985
79238,335,58.966701637866954
79238,336,59.1108231227417
79238,337,59.25486699152755
79238,338,59.39883351615409
79238,339,59.54272296679664
79238,340,59.68653561189285
79238,341,59.830271718158706
79238,342,59.97393155060493
79238,343,60.117515372552646
79238,344,60.26102344564888
79238,345,60.40445602988246
79238,346,60.547813383598886
79238,347,60.69109576351554
79238,348,60.834303424736994
79238,349,60.97743662076902
79238,350,61.1204956035339
79238,351,61.26348062338435
79238,352,61.40639192911777
79238,353,61.54922976799052
79238,354,61.69199438573171
79238,355,61.83468602655676
79238,356,61.97730493318117
79238,357,62.11985134683383
79238,358,62.26232550727029
79238,359,62.40472765278584
79238,360,62.547058020228356
79238,361,62.68931684501115
79238,362,62.831504361125845
79238,363,62.973620801154354
79238,364,63.11566639628174
79238,365,63.25764137630806
79238,366,63.39954596966064
79238,367,63.54138040340599
79238,368,63.68314490326134
79238,369,63.824839693606705
79238,370,63.96646499749617
79238,371,64.10802103666927
79238,372,64.24950803156224
79238,373,64.39092620131953
79238,374,64.53227576380407
79238,375,64.67355693560899
79238,376,64.81476993206785
79238,377,64.95591496726549
79238,378,65.09699225404846
79238,379,65.23800200403569
79238,380,65.37894442762837
79238,381,65.51981973402066
79238,382,65.6606281312092
79238,383,65.80136982600347
79238,384,65.94204502403575
79238,385,66.08265392977037
79238,386,66.2231967465137
79238,387,66.36367367642389
79238,388,66.50408492051969
79238,389,66.64443067869047
79238,390,66.78471114970506
79238,391,66.92492653122076
79238,392,67.06507701979285
79238,393,67.20516281088321
79238,394,67.34518409886917
79238,395,67.48514107705225
79238,396,67.62503393766708
79238,397,67.76486287188969
79238,398,67.90462806984596
79238,399,68.0443297206204
79238,400,68.18396801226395
79236,25,2.853451723055603
79236,26,2.9507031318758568
79236,27,3.047411683594259
79236,28,3.1436003581655494
79236,29,3.2392903781399385
79236,30,3.334501398956717
79236,31,3.429251672981208
79236,32,3.5235581916377132
79236,33,3.617436809156117
79236,34,3.7109023507954166
79236,35,3.803968707890473
79236,36,3.896648921656782
79236,37,3.988955257358067
79236,38,4.080899270175336
79236,39,4.17249186389968
79236,40,4.263743343394525
79236,41,4.354663461627855
79236,42,4.44526146195507
79236,43,4.535546116233691
79236,44,4.625525759268074
79236,45,4.715208320012846
79236,46,4.804601349905286
79236,47,4.8937120486474255
79236,48,4.98254728771677
79236,49,5.071113631848872
79236,50,5.159417358704521
79236,51,5.24746447690811
79236,52,5.335260742621451
79236,53,5.422811674797683
79236,54,5.510122569243414
79236,55,5.597198511602432
79236,56,5.684044389361845
79236,57,5.770664902970362
79236,58,5.857064576148797
79236,59,5.943247765464374
79236,60,6.0292186692329555
79236,61,6.114981335806887
79236,62,6.200539671300054
79236,63,6.285897446796986
79236,64,6.371058305088019
79236,65,6.456025766968592
79236,66,6.5408032371371805
79236,67,6.625394009723116
79236,68,6.709801273472675
79236,69,6.794028116619312
79236,70,6.878077531461527
79236,71,6.96195241866988
79236,72,7.045655591342729
79236,73,7.1291897788286684
79236,74,7.212557630332069
79236,75,7.295761718316806
79236,76,7.378804541722031
79236,77,7.461688529002633
79236,78,7.544416041006171
79236,79,7.626989373697039
79236,80,7.709410760737754
79236,81,7.791682375936636
79236,82,7.873806335570255
79236,83,7.955784700588632
79236,84,8.03761947871031
79236,85,8.11931262641419
79236,86,8.200866050834176
79236,87,8.282281611562704
79236,88,8.36356112236828
79236,89,8.444706352832204
79236,90,8.525719029909169
79236,91,8.60660083941591
79236,92,8.687353427452212
79236,93,8.767978401757821
79236,94,8.848477333009004
79236,95,8.928851756057904
79236,96,9.009103171117882
79236,97,9.089233044897702
79236,98,9.169242811687258
79236,99,9.249133874397431
79236,100,9.32890760555644
79236,101,9.408565348264837
79236,102,9.488108417111452
79236,103,9.567538099052049
79236,104,9.646855654252638
79236,105,9.726062316899261
79236,106,9.805159295975761
79236,107,9.884147776011167
79236,108,9.963028917798187
79236,109,10.041803859084037
79236,110,10.120473715235155
79236,111,10.199039579876729
79236,112,10.277502525508492
79236,113,10.355863604097614
79236,114,10.434123847649925
79236,115,10.512284268760402
79236,116,10.590345861143762
79236,117,10.668309600146145
79236,118,10.74617644323861
79236,119,10.823947330493443
79236,120,10.901623185043707
79236,121,10.979204913527106
79236,122,11.056693406514466
79236,123,11.134089538923787
79236,124,11.211394170420366
79236,125,11.288608145803412
79236,126,11.365732295380013
79236,127,11.442767435326683
79236,128,11.51971436803916
79236,129,11.596573882470912
79236,130,11.6733467544607
79236,131,11.750033747049745
79236,132,11.826635610788887
79236,133,11.903153084036015
79236,134,11.979586893244344
79236,135,12.055937753241704
79236,136,12.132206367501263
79236,137,12.208393428404001
79236,138,12.284499617493333
79236,139,12.360525605721906
79236,140,12.436472053691235
79236,141,12.512339611884117
79236,142,12.588128920890227
79236,143,12.663840611625242
79236,144,12.739475305543447
79236,145,12.815033614844353
79236,146,12.890516142673398
79236,147,12.965923483316834
79236,148,13.041256222391274
79236,149,13.116514937027883
79236,150,13.191700196051352
79236,151,13.266812560154058
79236,152,13.341852582065421
79236,153,13.416820806716517
79236,154,13.491717771400468
79236,155,13.566544005928254
79236,156,13.641300032780531
79236,157,13.715986367255425
79236,158,13.790603517612286
79236,159,13.865151985211783
79236,160,13.939632264652372
79236,161,14.014044843903122
79236,162,14.088390204433177
79236,163,14.162668821337974
79236,164,14.236881163462101
79236,165,14.311027693519204
79236,166,14.385108868208794
79236,167,14.459125138330151
79236,168,14.533076948893413
79236,169,14.606964739227942
79236,170,14.680788943088025
79236,171,14.754549988755898
79236,172,14.828248299142478
79236,173,14.901884291885523
79236,174,14.975458379445378
79236,175,15.048970969198663
79236,176,15.122422463529547
79236,177,15.195813259918939
79236,178,15.269143751031596
79236,179,15.342414324801233
79236,180,15.415625364513543
79236,181,15.48877724888749
79236,182,15.56187035215457
79236,183,15.634905044136373
79236,184,15.707881690320342
79236,185,15.780800651933847
79236,186,15.853662286016574
79236,187,15.926466945491322
79236,188,15.999214979233251
79236,189,16.071906732137546
79236,190,16.144542545185654
79236,191,16.217122755510033
79236,192,16.289647696457564
79236,193,16.362117697651446
79236,194,16.434533085052006
79236,195,16.50689418101592
79236,196,16.579201304354438
79236,197,16.651454770390206
79236,198,16.723654891012927
79236,199,16.795801974733973
79236,200,16.867896326739626
79236,201,16.939938248943516
79236,202,17.01192804003768
79236,203,17.08386599554275
79236,204,17.155752407857143
79236,205,17.227587566305136
79236,206,17.299371757183955
79236,207,17.371105263810097
79236,208,17.442788366564567
79236,209,17.51442134293722
79236,210,17.586004467570284
79236,211,17.657538012301007
79236,212,17.72902224620344
79236,213,17.80045743562947
79236,214,17.871843844248907
79236,215,17.943181733089016
79236,216,18.014471360573076
79236,217,18.085712982558327
79236,218,18.156906852373133
79236,219,18.2280532208535
79236,220,18.29915233637882
79236,221,18.370204444906946
79236,222,18.441209790008806
79236,223,18.51216861290202
79236,224,18.58308115248418
79236,225,18.653947645365434
79236,226,18.72476832590043
79236,227,18.795543426219673
79236,228,18.86627317626035
79236,229,18.936957803796638
79236,230,19.007597534469316
79236,231,19.078192591814954
79236,232,19.148743197294667
79236,233,19.219249570322038
79236,234,19.289711928290966
79236,235,19.360130486602635
79236,236,19.430505458692327
79236,237,19.50083705605544
79236,238,19.57112548827345
79236,239,19.64137096303899
79236,240,19.711573686180838
79236,241,19.781733861688263
79236,242,19.851851691735078
79236,243,19.921927376703167
79236,244,19.991961115205772
79236,245,20.06195310411019
79236,246,20.13190353856019
79236,247,20.20181261199818
79236,248,20.271680516186645
79236,249,20.341507441229627
79236,250,20.41129357559361
79236,251,20.481039106128105
79236,252,20.550744218085903
79236,253,20.620409095143053
79236,254,20.690033919418386
79236,255,20.759618871492865
79236,256,20.829164130428477
79236,257,20.898669873787004
79236,258,20.968136277648192
79236,259,21.037563516628026
79236,260,21.106951763896387
79236,261,21.17630119119452
79236,262,21.245611968852323
79236,263,21.314884265805254
79236,264,21.384118249610975
79236,265,21.45331408646583
79236,266,21.5224719412209
79236,267,21.591591977398036
79236,268,21.660674357205377
79236,269,21.729719241552903
79236,270,21.798726790067487
79236,271,21.867697161107905
79236,272,21.936630511779562
79236,273,22.00552699794891
79236,274,22.07438677425783
79236,275,22.143209994137585
79236,276,22.21199680982269
79236,277,22.280747372364644
79236,278,22.34946183164517
79236,279,22.418140336389623
79236,280,22.48678303417994
79236,281,22.555390071467492
79236,282,22.62396159358576
79236,283,22.692497744762772
79236,284,22.76099866813338
79236,285,22.829464505751414
79236,286,22.897895398601534
79236,287,22.966291486611123
79236,288,23.034652908661673
79236,289,23.102979802600387
79236,290,23.17127230525131
79236,291,23.239530552426515
79236,292,23.307754678936952
79236,293,23.375944818603354
79236,294,23.444101104266647
79236,295,23.512223667798743
79236,296,23.58031264011253
79236,297,23.648368151172367
79236,298,23.716390330003886
79236,299,23.784379304704046
79236,300,23.85233520245083
79236,301,23.920258149512954
79236,302,23.988148271259266
79236,303,24.056005692168156
79236,304,24.12383053583685
79236,305,24.19162292499045
79236,306,24.259382981490983
79236,307,24.32711082634621
79236,308,24.394806579718466
79236,309,24.46247036093321
79236,310,24.53010228848754
79236,311,24.59770248005869
79236,312,24.66527105251221
79236,313,24.73280812191021
79236,314,24.80031380351943
79236,315,24.867788211819192
79236,316,24.935231460509257
79236,317,25.002643662517574
79236,318,25.070024930007964
79236,319,25.137375374387656
79236,320,25.2046951063148
79236,321,25.27198423570571
79236,322,25.339242871742268
79236,323,25.406471122878973
79236,324,25.473669096850138
79236,325,25.540836900676805
79236,326,25.60797464067367
79236,327,25.675082422455866
79236,328,25.74216035094576
79236,329,25.80920853037951
79236,330,25.87622706431374
79236,331,25.9432160556319
79236,332,26.010175606550646
79236,333,26.077105818626354
79236,334,26.14400679276107
79236,335,26.210878629208924
79236,336,26.277721427582062
79236,337,26.344535286856722
79236,338,26.41132030537914
79236,339,26.478076580871377
79236,340,26.54480421043722
79236,341,26.611503290567793
79236,342,26.678173917147205
79236,343,26.74481618545826
79236,344,26.811430190187846
79236,345,26.878016025432384
79236,346,26.944573784703262
79236,347,27.01110356093217
79236,348,27.07760544647628
79236,349,27.14407953312349
79236,350,27.21052591209757
79236,351,27.27694467406316
79236,352,27.343335909130825
79236,353,27.40969970686204
79236,354,27.47603615627399
79236,355,27.542345345844527
79236,356,27.608627363516806
79236,357,27.67488229670413
79236,358,27.741110232294563
79236,359,27.80731125665554
79236,360,27.873485455638455
79236,361,27.939632914583136
79236,362,28.00575371832234
79236,363,28.071847951186097
79236,364,28.137915697006147
79236,365,28.203957039120198
79236,366,28.269972060376137
79236,367,28.335960843136387
79236,368,28.40192346928187
79236,369,28.467860020216264
79236,370,28.533770576870037
79236,371,28.599655219704477
79236,372,28.665514028715595
79236,373,28.73134708343818
79236,374,28.797154462949546
79236,375,28.8629362458735
79236,376,28.928692510384156
79236,377,28.994423334209564
79236,378,29.060128794635542
79236,379,29.125808968509272
79236,380,29.191463932243074
79236,381,29.2570937618179
79236,382,29.322698532786834
79236,383,29.388278320278786
79236,384,29.453833199001874
79236,385,29.51936324324685
79236,386,29.584868526890563
79236,387,29.650349123399288
79236,388,29.715805105832086
79236,389,29.78123654684412
79236,390,29.846643518689937
79236,391,29.912026093226597
79236,392,29.977384341916917
79236,393,30.042718335832785
79236,394,30.10802814565799
79236,395,30.17331384169164
79236,396,30.23857549385094
79236,397,30.303813171674463
79236,398,30.36902694432496
79236,399,30.434216880592512
79236,400,30.49938304889724
79253,25,0.5447811770515438
79253,26,0.5726714530389023
79253,27,0.600856182807355
79253,28,0.6293273939637309
79253,29,0.6580776085895365
79253,30,0.6870997964817182
79253,31,0.7163873342353093
79253,32,0.7459339692721141
79253,33,0.7757337880808234
79253,34,0.8057811880621583
79253,35,0.8360708524752781
79253,36,0.8665977280645845
79253,37,0.8973570050132926
79253,38,0.9283440989251672
79253,39,0.9595546345810024
79253,40,0.9909844312538313
79253,41,1.0226294893978853
79253,42,1.054485978552279
79253,43,1.0865502263221913
79253,44,1.1188187083186099
79253,45,1.1512880389533027
79253,46,1.1839549629988437
79253,47,1.2168163478348009
79253,48,1.249869176310832
79253,49,1.2831105401657465
79253,50,1.316537633948712
79253,51,1.3501477493949847
79253,52,1.3839382702139025
79253,53,1.417906667251551
79253,54,1.4520504939945926
79253,55,1.4863673823852943
79253,56,1.5208550389209365
79253,57,1.5555112410135377
79253,58,1.5903338335882375
79253,59,1.6253207259008415
79253,60,1.660469888556915
79253,61,1.6957793507165224
79253,62,1.7312471974701582
79253,63,1.7668715673728328
79253,64,1.8026506501243598
79253,65,1.838582684385072
79253,66,1.874665955717061
79253,67,1.9108987946419418
79253,68,1.9472795748069058
79253,69,1.9838067112514968
79253,70,2.020478658768238
79253,71,2.057293910350704
79253,72,2.0942509957232454
79253,73,2.1313484799469666
79253,74,2.168584962097041
79253,75,2.2059590740067447
79253,76,2.2434694790740735
79253,77,2.281114871126948
79253,78,2.318893973343483
79253,79,2.356805537223942
79253,80,2.3948483416112767
79253,81,2.4330211917573887
79253,82,2.4713229184324197
79253,83,2.5097523770746237
79253,84,2.548308446978444
79253,85,2.5869900305187303
79253,86,2.6257960524089663
79253,87,2.664725458991758
79253,88,2.7037772175597277
79253,89,2.7429503157052335
79253,90,2.7822437606973796
79253,91,2.8216565788848316
79253,92,2.8611878151231642
79253,93,2.9008365322254233
79253,94,2.9406018104347433
79253,95,2.9804827469179385
79253,96,3.0204784552789343
79253,97,3.060588065091168
79253,98,3.1008107214479583
79253,99,3.1411455845300083
79253,100,3.1815918291892142
79253,101,3.222148644547997
79253,102,3.2628152336134657
79253,103,3.3035908129056697
79253,104,3.3444746120993383
79253,105,3.3854658736784744
79253,106,3.426563852603228
79253,107,3.467767815988486
79253,108,3.5090770427936944
79253,109,3.550490823523369
79253,110,3.592008459937906
79253,111,3.633629264774134
79253,112,3.6753525614753433
79253,113,3.717177683930248
79253,114,3.7591039762205827
79253,115,3.8011307923769895
79253,116,3.8432574961427983
79253,117,3.8854834607454065
79253,118,3.927808068674962
79253,119,3.970230711470047
79253,120,4.01275078951006
79253,121,4.055367711814096
79253,122,4.098080895845968
79253,123,4.140889767325257
79253,124,4.183793760044048
79253,125,4.226792315689196
79253,126,4.269884883669898
79253,127,4.313070920950381
79253,128,4.356349891887489
79253,129,4.399721268072996
79253,130,4.443184528180524
79253,131,4.4867391578167926
79253,132,4.5303846493771704
79253,133,4.574120501905243
79253,134,4.617946220956384
79253,135,4.661861318465081
79253,136,4.705865312615926
79253,137,4.749957727718201
79253,138,4.794138094083807
79253,139,4.83840594790852
79253,140,4.882760831156478
79253,141,4.927202291447672
79253,142,4.97172988194845
79253,143,5.016343161264918
79253,144,5.061041693339099
79253,145,5.105825047347761
79253,146,5.150692797603903
79253,147,5.195644523460689
79253,148,5.240679809217906
79253,149,5.285798244030697
79253,150,5.33099942182061
79253,151,5.3762829411888955
79253,152,5.421648405331885
79253,153,5.467095421958486
79253,154,5.512623603209682
79253,155,5.558232565579956
79253,156,5.60392192984066
79253,157,5.649691320965166
79253,158,5.695540368055818
79253,159,5.74146870427258
79253,160,5.787475966763433
79253,161,5.8335617965963085
79253,162,5.879725838692627
79253,163,5.925967741762411
79253,164,5.9722871582408015
79253,165,6.018683744226104
79253,166,6.065157159419183
79253,167,6.111707067064196
79253,168,6.158333133890736
79253,169,6.205035030057189
79253,170,6.251812429095349
79253,171,6.298665007856262
79253,172,6.345592446457255
79253,173,6.39259442823013
79253,174,6.4396706396703935
79253,175,6.486820770387708
79253,176,6.534044513057254
79253,177,6.58134156337226
79253,178,6.6287116199974205
79253,179,6.676154384523345
79253,180,6.723669561421963
79253,181,6.7712568580028325
79253,182,6.818915984370327
79253,183,6.866646653381795
79253,184,6.914448580606408
79253,185,6.962321484285029
79253,186,7.010265085290761
79253,187,7.058279107090301
79253,188,7.106363275706141
79253,189,7.154517319679437
79253,190,7.202740970033632
79253,191,7.251033960238843
79253,192,7.299396026176855
79253,193,7.34782690610688
79253,194,7.396326340631916
79253,195,7.444894072665786
79253,196,7.493529847400812
79253,197,7.542233412276072
79253,198,7.591004516946274
79253,199,7.639842913251245
79253,200,7.688748355185934
79253,201,7.737720598871048
79253,202,7.786759402524126
79253,203,7.835864526431277
79253,204,7.885035732919342
79253,205,7.9342727863286235
79253,206,7.983575452986013
79253,207,8.032943501178758
79253,208,8.082376701128576
79253,209,8.131874824966273
79253,210,8.181437646706845
79253,211,8.231064942224963
79253,212,8.280756489230932
79253,213,8.33051206724708
79253,214,8.38033145758451
79253,215,8.430214443320352
79253,216,8.480160809275269
79253,217,8.530170341991466
79253,218,8.580242829711079
79253,219,8.630378062354843
79253,220,8.6805758315012
79253,221,8.73083593036571
79253,222,8.781158153780922
79253,223,8.831542298176387
79253,224,8.881988161559178
79253,225,8.93249554349467
79253,226,8.98306424508763
79253,227,9.03369406896365
79253,228,9.084384819250825
79253,229,9.135136301561813
79253,230,9.185948322976136
79253,231,9.236820692022755
79253,232,9.287753218662987
79253,233,9.338745714273614
79253,234,9.389797991630362
79253,235,9.440909864891493
79253,236,9.492081149581892
79253,237,9.543311662577132
79253,238,9.594601222088002
79253,239,9.645949647645187
79253,240,9.69735676008417
79253,241,9.748822381530427
79253,242,9.80034633538483
79253,243,9.851928446309195
79253,244,9.903568540212248
79253,245,9.95526644423556
79253,246,10.007021986739865
79253,247,10.058834997291601
79253,248,10.110705306649447
79253,249,10.162632746751338
79253,250,10.214617150701486
79253,251,10.266658352757666
79253,252,10.318756188318648
79253,253,10.370910493911875
79253,254,10.423121107181277
79253,255,10.475387866875275
79253,256,10.527710612834992
79253,257,10.580089185982558
79253,258,10.632523428309653
79253,259,10.68501318286622
79253,260,10.737558293749302
79253,261,10.790158606092021
79253,262,10.842813966052788
79253,263,10.895524220804647
79253,264,10.948289218524648
79253,265,11.001108808383599
79253,266,11.053982840535733
79253,267,11.106911166108686
79253,268,11.159893637193507
79253,269,11.212930106834882
79253,270,11.266020429021442
79253,271,11.319164458676207
79253,272,11.37236205164723
79253,273,11.425613064698274
79253,274,11.478917355499696
79253,275,11.532274782619377
79253,276,11.58568520551381
79253,277,11.639148484519433
79253,278,11.69266448084378
79253,279,11.746233056557081
79253,280,11.799854074583749
79253,281,11.853527398694085
79253,282,11.907252893496068
79253,283,11.961030424427182
79253,284,12.01485985774657
79253,285,12.06874106052696
79253,286,12.122673900647026
79253,287,12.176658246783616
79253,288,12.23069396840417
79253,289,12.28478093575927
79253,290,12.338919019875197
79253,291,12.393108092546706
79253,292,12.447348026329706
79253,293,12.501638694534298
79253,294,12.555979971217573
79253,295,12.610371731176883
79253,296,12.664813849942792
79253,297,12.71930620377251
79253,298,12.773848669643035
79253,299,12.828441125244703
79253,300,12.883083448974622
79253,301,12.937775519930234
79253,302,12.992517217903009
79253,303,13.04730842337211
79253,304,13.10214901749829
79253,305,13.15703888211768
79253,306,13.211977899735814
79253,307,13.26696595352164
79253,308,13.322002927301623
79253,309,13.377088705553925
79253,310,13.432223173402642
79253,311,13.487406216612102
79253,312,13.542637721581345
79253,313,13.597917575338412
79253,314,13.653245665535012
79253,315,13.708621880441012
79253,316,13.76404610893912
79253,317,13.819518240519583
79253,318,13.875038165274987
79253,319,13.930605773895007
79253,320,13.986220957661429
79253,321,14.04188360844299
79253,322,14.097593618690423
79253,323,14.153350881431553
79253,324,14.209155290266395
79253,325,14.265006739362358
79253,326,14.320905123449437
79253,327,14.376850337815577
79253,328,14.43284227830195
79253,329,14.488880841298364
79253,330,14.544965923738783
79253,331,14.601097423096723
79253,332,14.65727523738089
79253,333,14.713499265130755
79253,334,14.769769405412163
79253,335,14.826085557813071
79253,336,14.882447622439363
79253,337,14.938855499910513
79253,338,14.995309091355503
79253,339,15.051808298408723
79253,340,15.108353023205861
79253,341,15.164943168379898
79253,342,15.221578637057137
79253,343,15.278259332853272
79253,344,15.33498515986948
79253,345,15.391756022688568
79253,346,15.448571826371177
79253,347,15.505432476452008
79253,348,15.562337878936125
79253,349,15.61928794029519
79253,350,15.676282567463897
79253,351,15.73332166783636
79253,352,15.790405149262446
79253,353,15.847532920044378
79253,354,15.904704888933125
79253,355,15.961920965125012
79253,356,16.019181058258273
79253,357,16.076485078409647
79253,358,16.133832936091117
79253,359,16.19122454224642
79253,360,16.24865980824798
79253,361,16.306138645893448
79253,362,16.363660967402684
79253,363,16.42122668541438
79253,364,16.478835712983123
79253,365,16.536487963576096
79253,366,16.594183351070086
79253,367,16.651921789748457
79253,368,16.709703194297973
79253,369,16.76752747980602
79253,370,16.825394561757502
79253,371,16.883304356031974
79253,372,16.941256778900676
79253,373,16.999251747023756
79253,374,17.057289177447284
79253,375,17.115368987600604
79253,376,17.173491095293464
79253,377,17.231655418713203
79253,378,17.2898618764221
79253,379,17.348110387354627
79253,380,17.406400870814846
79253,381,17.464733246473603
79253,382,17.523107434366068
79253,383,17.581523354888986
79253,384,17.63998092879827
79253,385,17.698480077206263
79253,386,17.75702072157932
79253,387,17.81560278373532
79253,388,17.874226185841167
79253,389,17.93289085041025
79253,390,17.991596700300178
79253,391,18.050343658710236
79253,392,18.109131649179034
79253,393,18.167960595582205
79253,394,18.226830422129986
79253,395,18.285741053364937
79253,396,18.34469241415967
79253,397,18.403684429714545
79253,398,18.462717025555364
79253,399,18.5217901275313
79253,400,18.580903661812474
79248,25,14.364630183685481
79248,26,14.849254636580936
79248,27,15.331016347627955
79248,28,15.81003738100016
79248,29,16.28643043039516
79248,30,16.760299836270455
79248,31,17.231742462453976
79248,32,17.70084845547635
79248,33,18.16770190548764
79248,34,18.632381424108015
79248,35,19.094960651786806
79248,36,19.555508705036218
79248,37,20.014090572135927
79248,38,20.470767464477074
79248,39,20.92559712955409
79248,40,21.37863413066643
79248,41,21.829930097613843
79248,42,22.27953395202706
79248,43,22.727492110442416
79248,44,23.173848667784902
79248,45,23.618645563551382
79248,46,24.061922732673406
79248,47,24.503718242773726
79248,48,24.94406841930711
79248,49,25.383007959884566
79248,50,25.820570038917722
79248,51,26.25678640357975
79248,52,26.691687461959432
79248,53,27.125302364181522
79248,54,27.55765907717625
79248,55,27.988784453703914
79248,56,28.418704296171846
79248,57,28.847443415723014
79248,58,29.275025687023057
79248,59,29.701474099127616
79248,60,30.12681080277214
79248,61,30.551057154391177
79248,62,30.974233757142972
79248,63,31.396360499188432
79248,64,31.817456589448586
79248,65,32.23754059104343
79248,66,32.65663045259596
79248,67,33.074743537567926
79248,68,33.491896651778404
79248,69,33.9081060692429
79248,70,34.32338755645859
79248,71,34.737756395249356
79248,72,35.151227404275836
79248,73,35.56381495930531
79248,74,35.975533012329315
79248,75,36.386395109609005
79248,76,36.79641440872209
79248,77,37.20560369467848
79248,78,37.613975395167586
79248,79,38.021541594994225
79248,80,38.428314049755976
79248,81,38.8343041988111
79248,82,39.239523177581724
79248,83,39.643981829234654
79248,84,40.047690715777605
79248,85,40.4506601286076
79248,86,40.8529000985437
79248,87,41.25442040537624
79248,88,41.65523058695974
79248,89,42.05533994787737
79248,90,42.454757567701314
79248,91,42.85349230887186
79248,92,43.2515528242174
79248,93,43.64894756413495
79248,94,44.04568478345021
79248,95,44.44177254797487
79248,96,44.837218740777075
79248,97,45.23203106818103
79248,98,45.626217065509664
79248,99,46.019784102584154
79248,100,46.412739388992954
79248,101,46.8050899791417
79248,102,47.19684277709615
79248,103,47.58800454122751
79248,104,47.97858188867076
79248,105,48.368581299605054
79248,106,48.75800912136483
79248,107,49.14687157238987
79248,108,49.535174746022285
79248,109,49.92292461415718
79248,110,50.310127030754956
79248,111,50.69678773522011
79248,112,51.08291235565463
79248,113,51.46850641199019
79248,114,51.8535753190053
79248,115,52.238124389232986
79248,116,52.6221588357631
79248,117,53.0056837749445
79248,118,53.388704228991315
79248,119,53.77122512849758
79248,120,54.15325131486404
79248,121,54.5347875426411
79248,122,54.91583848179128
79248,123,55.296408719874805
79248,124,55.67650276416134
79248,125,56.05612504367089
79248,126,56.43527991114728
79248,127,56.81397164496631
79248,128,57.19220445098163
79248,129,57.56998246431058
79248,130,57.94730975106291
79248,131,58.32419031001397
79248,132,58.700628074224994
79248,133,59.07662691261251
79248,134,59.45219063146838
79248,135,59.82732297593357
79248,136,60.20202763142526
79248,137,60.57630822502187
79248,138,60.95016832680527
79248,139,61.32361145116237
79248,140,61.6966410580487
79248,141,62.0692605542139
79248,142,62.441473294390896
79248,143,62.813282582451265
79248,144,63.18469167252604
79248,145,63.555703770094816
79248,146,63.92632203304334
79248,147,64.29654957269119
79248,148,64.66638945479055
79248,149,65.03584470049663
79248,150,65.4049182873112
79248,151,65.77361315000022
79248,152,66.14193218148587
79248,153,66.5098782337146
79248,154,66.8774541185011
79248,155,67.24466260835018
79248,156,67.611506437256
79248,157,67.97798830148052
79248,158,68.34411086031116
79248,159,68.70987673679815
79248,160,69.0752885184737
79248,161,69.44034875805124
79248,162,69.80505997410735
79248,163,70.1694246517465
79248,164,70.53344524324781
79248,165,70.8971241686963
79248,166,71.2604638165983
79248,167,71.62346654448075
79248,168,71.98613467947614
79248,169,72.34847051889322
79248,170,72.71047633077293
79248,171,73.07215435443119
79248,172,73.43350680098881
79248,173,73.7945358538881
79248,174,74.15524366939717
79248,175,74.51563237710243
79248,176,74.87570408038923
79248,177,75.23546085691126
79248,178,75.59490475904886
79248,179,75.9540378143564
79248,180,76.31286202599998
79248,181,76.67137937318422
79248,182,77.02959181156986
79248,183,77.38750127368156
79248,184,77.74510966930632
79248,185,78.10241888588324
79248,186,78.45943078888463
79248,187,78.81614722218747
79248,188,79.17257000843863
79248,189,79.52870094941008
79248,190,79.88454182634746
79248,191,80.24009440031077
79248,192,80.59536041250713
79248,193,80.9503415846172
79248,194,81.30503961911417
79248,195,81.65945619957547
79248,196,82.01359299098884
79248,197,82.36745164005106
79248,198,82.72103377546057
79248,199,83.07434100820421
79248,200,83.42737493183812
79248,201,83.7801371227619
79248,202,84.1326291404883
79248,203,84.48485252790627
79248,204,84.83680881153985
79248,205,85.18849950180031
79248,206,85.5399260932344
79248,207,85.8910900647672
79248,208,86.24199287993989
79248,209,86.59263598714296
79248,210,86.94302081984488
79248,211,87.29314879681594
79248,212,87.64302132234803
79248,213,87.99263978647001
79248,214,88.34200556515857
79248,215,88.69112002054575
79248,216,89.03998450112147
79248,217,89.38860034193281
79248,218,89.73696886477948
79248,219,90.0850913784054
79248,220,90.43296917868635
79248,221,90.78060354881467
79248,222,91.12799575948048
79248,223,91.4751470690486
79248,224,91.82205872373305
79248,225,92.16873195776857
79248,226,92.5151679935777
79248,227,92.86136804193619
79248,228,93.20733330213437
79248,229,93.55306496213639
79248,230,93.89856419873566
79248,231,94.24383217770841
79248,232,94.58887005396399
79248,233,94.93367897169223
79248,234,95.27826006450893
79248,235,95.62261445559807
79248,236,95.96674325785185
79248,237,96.3106475740083
79248,238,96.65432849678608
79248,239,96.99778710901761
79248,240,97.34102448377912
79248,241,97.68404168451906
79248,242,98.02683976518404
79248,243,98.3694197703424
79248,244,98.7117827353064
79248,245,99.05392968625111
79248,246,99.39586164033268
79248,247,99.73757960580362
79248,248,100.07908458212637
79248,249,100.42037756008516
79248,250,100.76145952189623
79248,251,101.10233144131526
79248,252,101.44299428374418
79248,253,101.78344900633523
79248,254,102.12369655809432
79248,255,102.46373787998176
79248,256,102.80357390501182
79248,257,103.14320555835059
79248,258,103.48263375741244
79248,259,103.82185941195453
79248,260,104.16088342417015
79248,261,104.49970668878059
79248,262,104.83833009312472
79248,263,105.1767545172492
79248,264,105.51498083399413
79248,265,105.8530099090808
79248,266,106.19084260119527
79248,267,106.52847976207222
79248,268,106.86592223657692
79248,269,107.2031708627864
79248,270,107.54022647206821
79248,271,107.87708988915973
79248,272,108.21376193224457
79248,273,108.55024341302907
79248,274,108.88653513681662
79248,275,109.2226379025819
79248,276,109.55855250304282
79248,277,109.89427972473275
79248,278,110.22982034807009
79248,279,110.56517514742815
79248,280,110.90034489120366
79248,281,111.23533034188335
79248,282,111.57013225611094
79248,283,111.90475138475217
79248,284,112.23918847295907
79248,285,112.57344426023377
79248,286,112.90751948049078
79248,287,113.24141486211849
79248,288,113.57513112804007
79248,289,113.90866899577335
79248,290,114.24202917748936
79248,291,114.57521238007126
79248,292,114.90821930517069
79248,293,115.24105064926509
79248,294,115.57370710371286
79248,295,115.90618935480866
79248,296,116.23849808383692
79248,297,116.57063396712601
79248,298,116.90259767610027
79248,299,117.23438987733206
79248,300,117.5660112325929
79248,301,117.89746239890414
79248,302,118.2287440285867
79248,303,118.55985676930952
79248,304,118.89080126413899
79248,305,119.22157815158582
79248,306,119.5521880656526
79248,307,119.88263163588023
79248,308,120.2129094873935
79248,309,120.5430222409467
79248,310,120.87297051296753
79248,311,121.20275491560187
79248,312,121.53237605675696
79248,313,121.86183454014395
79248,314,122.19113096532048
79248,315,122.52026592773237
79248,316,122.84924001875444
79248,317,123.1780538257315
79248,318,123.50670793201857
79248,319,123.8352029170199
79248,320,124.16353935622851
79248,321,124.49171782126439
79248,322,124.81973887991275
79248,323,125.14760309616163
79248,324,125.47531103023879
79248,325,125.80286323864837
79248,326,126.1302602742071
79248,327,126.45750268607978
79248,328,126.78459101981468
79248,329,127.11152581737808
79248,330,127.4383076171891
79248,331,127.76493695415296
79248,332,128.09141435969494
79248,333,128.41774036179316
79248,334,128.7439154850112
79248,335,129.06994025053052
79248,336,129.39581517618248
79248,337,129.72154077647895
79248,338,130.0471175626445
79248,339,130.37254604264612
79248,340,130.69782672122423
79248,341,131.02296009992185
79248,342,131.34794667711495
79248,343,131.67278694804133
79248,344,131.99748140482924
79248,345,132.32203053652617
79248,346,132.6464348291268
79248,347,132.97069476560105
79248,348,133.29481082592164
79248,349,133.61878348709067
79248,350,133.9426132231672
79248,351,134.26630050529334
79248,352,134.5898458017205
79248,353,134.9132495778352
79248,354,135.23651229618494
79248,355,135.55963441650354
79248,356,135.88261639573543
79248,357,136.20545868806116
79248,358,136.52816174492168
79248,359,136.85072601504186
79248,360,137.17315194445524
79248,361,137.49543997652682
79248,362,137.81759055197702
79248,363,138.13960410890377
79248,364,138.46148108280684
79248,365,138.78322190660867
79248,366,139.1048270106777
79248,367,139.4262968228502
79248,368,139.7476317684516
79248,369,140.06883227031844
79248,370,140.38989874881938
79248,371,140.7108316218768
79248,372,141.03163130498658
79248,373,141.3522982112395
79248,374,141.67283275134136
79248,375,141.99323533363278
79248,376,142.31350636410966
79248,377,142.6336462464425
79248,378,142.9536553819956
79248,379,143.27353416984664
79248,380,143.59328300680608
79248,381,143.91290228743503
79248,382,144.23239240406448
79248,383,144.55175374681392
79248,384,144.87098670360874
79248,385,145.19009166019924
79248,386,145.50906900017753
79248,387,145.82791910499574
79248,388,146.1466423539835
79248,389,146.46523912436453
79248,390,146.78370979127462
79248,391,147.10205472777784
79248,392,147.42027430488332
79248,393,147.73836889156237
79248,394,148.05633885476396
79248,395,148.3741845594315
79248,396,148.69190636851872
79248,397,149.00950464300527
79248,398,149.3269797419129
79248,399,149.64433202232067
79248,400,149.96156183938007
79251,25,0.34870339777510084
79251,26,0.37303838544124385
79251,27,0.3980567919751426
79251,28,0.42375143134043325
79251,29,0.4501154505147971
79251,30,0.47714230295397103
79251,31,0.5048257249957072
79251,32,0.5331597147924518
79251,33,0.5621385134302298
79251,34,0.5917565879467219
79251,35,0.622008616006628
79251,36,0.6528894720293289
79251,37,0.6843942145942581
79251,38,0.7165180749746026
79251,39,0.749256446670905
79251,40,0.7826048758337221
79251,41,0.8165590524792722
79251,42,0.8511148024144856
79251,43,0.8862680797984986
79251,44,0.9220149602766569
79251,45,0.9583516346308375
79251,46,0.995274402896572
79251,47,1.0327796689031457
79251,48,1.0708639351978577
79251,49,1.1095237983198885
79251,50,1.1487559443930178
79251,51,1.1885571450096637
79251,52,1.2289242533816291
79251,53,1.2698542007354263
79251,54,1.3113439929322974
79251,55,1.3533907072949818
79251,56,1.3959914896250314
79251,57,1.4391435513960167
79251,58,1.4828441671093346
79251,59,1.5270906718005062
79251,60,1.5718804586850126
79251,61,1.61721097693365
79251,62,1.663079729568218
79251,63,1.70948427146924
79251,64,1.756422207488018
79251,65,1.8038911906560173
79251,66,1.8518889204851352
79251,67,1.9004131413529257
79251,68,1.9494616409673147
79251,69,1.9990322489057835
79251,70,2.0491228352243778
79251,71,2.0997313091322387
79251,72,2.1508556177276965
79251,73,2.202493744792226
79251,74,2.2546437096389105
79251,75,2.3073035660121377
79251,76,2.3604714010357464
79251,77,2.414145334206701
79251,78,2.4683235164319104
79251,79,2.523004129105709
79251,80,2.578185383225829
79251,81,2.6338655185458015
79251,82,2.690042802761797
79251,83,2.746715530732209
79251,84,2.8038820237281397
79251,85,2.861540628713362
79251,86,2.9196897176520964
79251,87,2.978327686843403
79251,88,3.0374529562806933
79251,89,3.097063969035255
79251,90,3.157159190662611
79251,91,3.217737108630539
79251,92,3.2787962317678563
79251,93,3.3403350897329007
79251,94,3.4023522325008355
79251,95,3.464846229868949
79251,96,3.52781567097904
79251,97,3.591259163856232
79251,98,3.65517533496344
79251,99,3.7195628287707607
79251,100,3.784420307339275
79251,101,3.849746449918416
79251,102,3.9155399525566046
79251,103,3.981799527724362
79251,104,4.04852390394947
79251,105,4.115711825463735
79251,106,4.183362051860759
79251,107,4.251473357764389
79251,108,4.320044532507332
79251,109,4.389074379819567
79251,110,4.458561717526221
79251,111,4.528505377254357
79251,112,4.598904204148613
79251,113,4.669757056595082
79251,114,4.7410628059532565
79251,115,4.812820336295759
79251,116,4.8850285441554595
79251,117,4.957686338279798
79251,118,5.030792639392006
79251,119,5.104346379958991
79251,120,5.178346503965639
79251,121,5.252791966695317
79251,122,5.327681734516286
79251,123,5.403014784673961
79251,124,5.47879010508868
79251,125,5.555006694158806
79251,126,5.6316635605690735
79251,127,5.708759723103926
79251,128,5.7862942104656465
79251,129,5.864266061097214
79251,130,5.942674323009617
79251,131,6.021518053613593
79251,132,6.100796319555606
79251,133,6.1805081965578115
79251,134,6.26065276926208
79251,135,6.341229131077843
79251,136,6.422236384033531
79251,137,6.503673638631792
79251,138,6.585540013707999
79251,139,6.667834636292255
79251,140,6.750556641474634
79251,141,6.8337051722735405
79251,142,6.917279379507179
79251,143,7.001278421668009
79251,144,7.085701464800116
79251,145,7.17054768237919
79251,146,7.255816255195589
79251,147,7.341506371239637
79251,148,7.427617225589765
79251,149,7.514148020303063
79251,150,7.601097964308147
79251,151,7.688466273300527
79251,152,7.776252169640168
79251,153,7.864454882251274
79251,154,7.953073646524247
79251,155,8.042107704219694
79251,156,8.13155630337452
79251,157,8.221418698210023
79251,158,8.311694149041838
79251,159,8.402381922191738
79251,160,8.493481289901391
79251,161,8.584991530247832
79251,162,8.676911927060473
79251,163,8.769241769840189
79251,164,8.861980353679606
79251,165,8.955126979185334
79251,166,9.048680952401526
79251,167,9.142641584735042
79251,168,9.23700819288208
79251,169,9.331780098756289
79251,170,9.426956629418113
79251,171,9.522537117005719
79251,172,9.61852089866706
79251,173,9.71490731649345
79251,174,9.811695717454144
79251,175,9.908885453332374
79251,176,10.006475880662435
79251,177,10.104466360668095
79251,178,10.202856259201981
79251,179,10.301644946686174
79251,180,10.40083179805395
79251,181,10.500416192692487
79251,182,10.600397514386579
79251,183,10.700775151263592
79251,184,10.801548495739095
79251,185,10.902716944463691
79251,186,11.004279898270747
79251,187,11.106236762124938
79251,188,11.208586945071843
79251,189,11.311329860188362
79251,190,11.41446492453393
79251,191,11.5179915591027
79251,192,11.621909188776451
79251,193,11.726217242278336
79251,194,11.830915152127401
79251,195,11.936002354593937
79251,196,12.041478289655505
79251,197,12.147342400953747
79251,198,12.253594135751849
79251,199,12.360232944892836
79251,200,12.467258282758436
79251,201,12.574669607228692
79251,202,12.682466379642143
79251,203,12.790648064756809
79251,204,12.899214130711673
79251,205,13.008164048988835
79251,206,13.117497294376196
79251,207,13.22721334493092
79251,208,13.337311681943333
79251,209,13.447791789901286
79251,210,13.558653156455428
79251,211,13.669895272384657
79251,212,13.781517631562254
79251,213,13.893519730922694
79251,214,14.00590107042863
79251,215,14.1186611530387
79251,216,14.231799484675719
79251,217,14.34531557419517
79251,218,14.459208933354557
79251,219,14.573479076782906
79251,220,14.68812552195071
79251,221,14.803147789140633
79251,222,14.91854540141836
79251,223,15.034317884603908
79251,224,15.150464767243495
79251,225,15.266985580581748
79251,226,15.383879858534284
79251,227,15.501147137660666
79251,228,15.618786957137987
79251,229,15.73679885873442
79251,230,15.855182386783547
79251,231,15.973937088158817
79251,232,16.093062512248505
79251,233,16.212558210930784
79251,234,16.33242373854963
79251,235,16.452658651890356
79251,236,16.573262510156322
79251,237,16.69423487494515
79251,238,16.815575310225917
79251,239,16.937283382316306
79251,240,17.059358659860163
79251,241,17.18180071380541
79251,242,17.304609117382125
79251,243,17.42778344608107
79251,244,17.55132327763254
79251,245,17.67522819198518
79251,246,17.79949777128546
79251,247,17.92413159985736
79251,248,18.049129264181996
79251,249,18.17449035287797
79251,250,18.30021445668168
79251,251,18.426301168428015
79251,252,18.55275008303122
79251,253,18.67956079746605
79251,254,18.806732910749243
79251,255,18.934266023921133
79251,256,19.06215974002751
79251,257,19.190413664101705
79251,258,19.31902740314703
79251,259,19.448000566119283
79251,260,19.577332763909503
79251,261,19.70702360932704
79251,262,19.8370727170827
79251,263,19.96747970377234
79251,264,20.098244187860264
79251,265,20.22936578966323
79251,266,20.36084413133448
79251,267,20.49267883684789
79251,268,20.624869531982416
79251,269,20.757415844306934
79251,270,20.890317403164676
79251,271,21.023573839658507
79251,272,21.15718478663598
79251,273,21.291149878674815
79251,274,21.42546875206822
79251,275,21.5601410448108
79251,276,21.69516639658427
79251,277,21.830544448743726
79251,278,21.966274844303584
79251,279,22.102357227924067
79251,280,22.238791245897858
79251,281,22.37557654613657
79251,282,22.512712778157763
79251,283,22.650199593071854
79251,284,22.788036643569296
79251,285,22.926223583907923
79251,286,23.064760069900295
79251,287,23.203645758901402
79251,288,23.34288030979624
79251,289,23.482463382987838
79251,290,23.6223946403853
79251,291,23.762673745391652
79251,292,23.90330036289251
79251,293,24.04427415924422
79251,294,24.185594802262486
79251,295,24.327261961211093
79251,296,24.469275306790493
79251,297,24.61163451112717
79251,298,24.754339247762076
79251,299,24.89738919164034
79251,300,25.040784019100098
79251,301,25.184523407862315
79251,302,25.328607037020024
79251,303,25.47303458702798
79251,304,25.617805739692514
79251,305,25.762920178161206
79251,306,25.908377586913076
79251,307,26.05417765174847
79251,308,26.200320059779326
79251,309,26.34680449941944
79251,310,26.493630660374734
79251,311,26.64079823363391
79251,312,26.788306911459063
79251,313,26.936156387376087
79251,314,27.0843463561658
79251,315,27.2328765138545
79251,316,27.381746557705206
79251,317,27.530956186208613
79251,318,27.680505099074235
79251,319,27.83039299722168
79251,320,27.98061958277199
79251,321,28.13118455903908
79251,322,28.28208763052124
79251,323,28.433328502892724
79251,324,28.58490688299549
79251,325,28.736822478831
79251,326,28.88907499955189
79251,327,29.04166415545412
79251,328,29.194589657968933
79251,329,29.34785121965491
79251,330,29.501448554190148
79251,331,29.655381376364584
79251,332,29.80964940207228
79251,333,29.96425234830388
79251,334,30.119189933138994
79251,335,30.27446187573873
79251,336,30.430067896338684
79251,337,30.58600771624103
79251,338,30.742281057807936
79251,339,30.89888764445393
79251,340,31.055827200639015
79251,341,31.213099451861677
79251,342,31.37070412465179
79251,343,31.528640946563964
79251,344,31.686909646170456
79251,345,31.84550995305465
79251,346,32.00444159780411
79251,347,32.163704312004334
79251,348,32.32329782823179
79251,349,32.483221880047694
79251,350,32.64347620199147
79251,351,32.80406052957427
79251,352,32.96497459927283
79251,353,33.12621814852325
79251,354,33.28779091571449
79251,355,33.44969264018246
79251,356,33.611923062203935
79251,357,33.774481922990454
79251,358,33.93736896468248
79251,359,34.10058393034311
79251,360,34.26412656395275
79251,361,34.42799661040267
79251,362,34.592193815490006
79251,363,34.75671792591123
79251,364,34.92156868925718
79251,365,35.08674585400708
79251,366,35.252249169523
79251,367,35.41807838604454
79251,368,35.584233254683134
79251,369,35.75071352741693
79251,370,35.91751895708503
79251,371,36.08464929738273
79251,372,36.252104302855635
79251,373,36.41988372889498
79251,374,36.58798733173198
79251,375,36.75641486843321
79251,376,36.9251660968951
79251,377,37.094240775839005
79251,378,37.26363866480649
79251,379,37.43335952415381
79251,380,37.60340311504778
79251,381,37.77376919946003
79251,382,37.944457540162915
79251,383,38.115467900724255
79251,384,38.286800045503
79251,385,38.45845373964415
79251,386,38.63042874907428
79251,387,38.802724840496865
79251,388,38.9753417813878
79251,389,39.148279339990694
79251,390,39.321537285312665
79251,391,39.49511538711938
79251,392,39.66901341593108
79251,393,39.84323114301809
79251,394,40.017768340396074
79251,395,40.19262478082245
79251,396,40.3678002377914
79251,397,40.54329448552997
79251,398,40.71910729899391
79251,399,40.8952384538633
79251,400,41.07168772653838
79264,25,6.3176890611590775
79264,26,6.531164098302667
79264,27,6.743388723664448
79264,28,6.954416194651779
79264,29,7.164295682643315
79264,30,7.37307271638551
79264,31,7.580789564110635
79264,32,7.787485564547639
79264,33,7.993197415043915
79264,34,8.197959423485619
79264,35,8.401803729495414
79264,36,8.60476049942458
79264,37,8.806858098885249
79264,38,9.00812324594651
79264,39,9.208581147612906
79264,40,9.408255621791154
79264,41,9.60716920661213
79264,42,9.805343258695217
79264,43,10.002798041709966
79264,44,10.19955280639625
79264,45,10.395625863042014
79264,46,10.59103464728121
79264,47,10.785795779959257
79264,48,10.979925121715691
79264,49,11.173437822850401
79264,50,11.366348368968893
79264,51,11.558670622841058
79264,52,11.750417862855553
79264,53,11.941602818406853
79264,54,12.13223770251277
79264,55,12.32233424192645
79264,56,12.511903704977357
79264,57,12.700956927349958
79264,58,12.889504335986393
79264,59,13.077555971279514
79264,60,13.265121507705569
79264,61,13.4522102730304
79264,62,13.638831266209372
79264,63,13.824993174089698
79264,64,14.010704387012893
79264,65,14.195973013405851
79264,66,14.380806893440608
79264,67,14.56521361183555
79264,68,14.749200509863885
79264,69,14.932774696629464
79264,70,15.115943059664684
79264,71,15.29871227490013
79264,72,15.4810888160518
79264,73,15.663078963467228
79264,74,15.844688812468979
79264,75,16.0259242812302
79264,76,16.206791118214667
79264,77,16.38729490921045
79264,78,16.567441083984704
79264,79,16.747234922584457
79264,80,16.92668156130637
79264,81,17.105785998356996
79264,82,17.284553099222943
79264,83,17.462987601769473
79264,84,17.641094121084066
79264,85,17.818877154080788
79264,86,17.99634108387983
79264,87,18.173490183975865
79264,88,18.350328622207424
79264,89,18.526860464539208
79264,90,18.703089678668068
79264,91,18.879020137462618
79264,92,19.054655622246152
79264,93,19.22999982593131
79264,94,19.405056356015013
79264,95,19.579828737441165
79264,96,19.75432041533822
79264,97,19.928534757638516
79264,98,20.10247505758549
79264,99,20.276144536134726
79264,100,20.449546344254443
79264,101,20.622683565130338
79264,102,20.79555921628001
79264,103,20.96817625158135
79264,104,21.140537563218977
79264,105,21.312645983553367
79264,106,21.484504286915772
79264,107,21.656115191333082
79264,108,21.827481360185715
79264,109,21.998605403801733
79264,110,22.169489880990454
79264,111,22.34013730051792
79264,112,22.51055012252751
79264,113,22.68073075990768
79264,114,22.850681579609542
79264,115,23.020404903916546
79264,116,23.189903011668257
79264,117,23.359178139440324
79264,118,23.528232482682732
79264,119,23.697068196817817
79264,120,23.86568739830024
79264,121,24.03409216564002
79264,122,24.202284540390686
79264,123,24.370266528103773
79264,124,24.538040099251003
79264,125,24.705607190115742
79264,126,24.872969703654714
79264,127,25.040129510331564
79264,128,25.207088448922867
79264,129,25.373848327298248
79264,130,25.54041092317525
79264,131,25.706777984850238
79264,132,25.872951231906086
79264,133,26.038932355897487
79264,134,26.2047230210151
79264,135,26.370324864729028
79264,136,26.535739498412344
79264,137,26.700968507945966
79264,138,26.866013454304838
79264,139,27.030875874126636
79264,140,27.19555728026357
79264,141,27.36005916231763
79264,142,27.524382987160276
79264,143,27.688530199436787
79264,144,27.852502222056135
79264,145,28.01630045666645
79264,146,28.17992628411726
79264,147,28.343381064908243
79264,148,28.506666139625576
79264,149,28.669782829365836
79264,150,28.83273243614818
79264,151,28.995516243315247
79264,152,29.158135515922712
79264,153,29.320591501118574
79264,154,29.48288542851197
79264,155,29.64501851053195
79264,156,29.80699194277682
79264,157,29.968806904354185
79264,158,30.130464558211923
79264,159,30.29196605146038
79264,160,30.45331251568637
79264,161,30.61450506725888
79264,162,30.775544807626947
79264,163,30.9364328236099
79264,164,31.097170187680142
79264,165,31.257757958238795
79264,166,31.41819717988469
79264,167,31.57848888367607
79264,168,31.738634087386234
79264,169,31.898633795752886
79264,170,32.05848900072095
79264,171,32.21820068167986
79264,172,32.377769805694925
79264,173,32.53719732773319
79264,174,32.69648419088364
79264,175,32.855631326572585
79264,176,33.01463965477339
79264,177,33.17351008421181
79264,178,33.33224351256612
79264,179,33.49084082666264
79264,180,33.64930290266702
79264,181,33.80763060627058
79264,182,33.96582479287295
79264,183,34.12388630776015
79264,184,34.28181598627873
79264,185,34.43961465400609
79264,186,34.59728312691691
79264,187,34.75482221154567
79264,188,34.91223270514594
79264,189,35.069515395845976
79264,190,35.22667106280065
79264,191,35.38370047634056
79264,192,35.5406043981174
79264,193,35.69738358124663
79264,194,35.85403877044669
79264,195,36.010570702175464
79264,196,36.16698010476386
79264,197,36.32326769854637
79264,198,36.479434195989064
79264,199,36.63548030181482
79264,200,36.7914067131259
79264,201,36.94721411952417
79264,202,37.10290320322851
79264,203,37.258474639190105
79264,204,37.413929095205376
79264,205,37.569267232026355
79264,206,37.72448970346896
79264,207,37.87959715651922
79264,208,38.03459023143736
79264,209,38.1894695618594
79264,210,38.344235774897285
79264,211,38.49888949123682
79264,212,38.65343132523334
79264,213,38.807861885006304
79264,214,38.962181772531096
79264,215,39.11639158372986
79264,216,39.270491908560054
79264,217,39.424483331101435
79264,218,39.57836642964158
79264,219,39.73214177675958
79264,220,39.88580993940807
79264,221,40.03937147899394
79264,222,40.19282695145755
79264,223,40.34617690734997
79264,224,40.49942189190949
79264,225,40.65256244513628
79264,226,40.80559910186566
79264,227,40.95853239184018
79264,228,41.111362839780426
79264,229,41.264090965454294
79264,230,41.41671728374526
79264,231,41.5692423047192
79264,232,41.72166653369034
79264,233,41.87399047128549
79264,234,42.02621461350772
79264,235,42.17833945179843
79264,236,42.33036547309876
79264,237,42.4822931599094
79264,238,42.63412299035
79264,239,42.78585543821683
79264,240,42.93749097303997
79264,241,43.089030060139415
79264,242,43.24047316067998
79264,243,43.39182073172534
79264,244,43.543073226291554
79264,245,43.69423109339903
79264,246,43.84529477812403
79264,247,43.99626472164935
79264,248,44.14714136131371
79264,249,44.29792513066075
79264,250,44.448616459487276
79264,251,44.59921577389009
79264,252,44.74972349631278
79264,253,44.90014004559124
79264,254,45.050465836998654
79264,255,45.200701282289806
79264,256,45.35084678974436
79264,257,45.50090276420987
79264,258,45.650869607143584
79264,259,45.800747716654314
79264,260,45.95053748754263
79264,261,46.10023931134146
79264,262,46.24985357635517
79264,263,46.39938066769866
79264,264,46.54882096733542
79264,265,46.69817485411534
79264,266,46.84744270381155
79264,267,46.996624889156855
79264,268,47.14572177987993
79264,269,47.294733742740306
79264,270,47.44366114156331
79264,271,47.592504337274356
79264,272,47.74126368793258
79264,273,47.88993954876408
79264,274,48.038532272194665
79264,275,48.18704220788206
79264,276,48.335469702747524
79264,277,48.48381510100735
79264,278,48.6320787442033
79264,279,48.7802609712332
79264,280,48.92836211838068
79264,281,49.07638251934476
79264,282,49.224322505268525
79264,283,49.372182404768
79264,284,49.51996254396018
79264,285,49.66766324649075
79264,286,49.815284833561385
79264,287,49.96282762395686
79264,288,50.11029193407133
79264,289,50.25767807793465
79264,290,50.404986367238216
79264,291,50.55221711136024
79264,292,50.69937061739079
79264,293,50.846447190156816
79264,294,50.99344713224592
79264,295,51.140370744030946
79264,296,51.28721832369323
79264,297,51.43399016724617
79264,298,51.58068656855817
79264,299,51.727307819375206
79264,300,51.87385420934339
79264,301,52.02032602603094
79264,302,52.166723554949996
79264,303,52.3130470795779
79264,304,52.45929688137863
79264,305,52.60547323982337
79264,306,52.75157643241139
79264,307,52.897606734690285
79264,308,53.043564420275864
79264,309,53.18944976087211
79264,310,53.33526302629045
79264,311,53.48100448446926
79264,312,53.62667440149277
79264,313,53.772273041609566
79264,314,53.91780066725145
79264,315,54.06325753905142
79264,316,54.20864391586174
79264,317,54.35396005477166
79264,318,54.49920621112511
79264,319,54.64438263853767
79264,320,54.78948958891405
79264,321,54.93452731246474
79264,322,55.07949605772249
79264,323,55.224396071559006
79264,324,55.36922759920103
79264,325,55.51399088424641
79264,326,55.65868616867975
79264,327,55.80331369288818
79264,328,55.94787369567664
79264,329,56.09236641428314
79264,330,56.236792084393784
79264,331,56.381150940157525
79264,332,56.52544321420082
79264,333,56.669669137642224
79264,334,56.81382894010645
79264,335,56.957922849738495
79264,336,57.101951093217856
79264,337,57.24591389577181
79264,338,57.38981148118939
79264,339,57.53364407183456
79264,340,57.67741188865968
79264,341,57.82111515121824
79264,342,57.96475407767828
79264,343,58.108328884834705
79264,344,58.25183978812216
79264,345,58.39528700162753
79264,346,58.53867073810188
79264,347,58.68199120897305
79264,348,58.82524862435766
79264,349,58.968443193072645
79264,350,59.1115751226472
79264,351,59.25464461933451
79264,352,59.397651888122915
79264,353,59.54059713274756
79264,354,59.68348055570117
79264,355,59.826302358245655
79264,356,59.96906274042249
79264,357,60.11176190106391
79264,358,60.25440003780342
79264,359,60.39697734708633
79264,360,60.5394940241803
79264,361,60.68195026318554
79264,362,60.82434625704518
79264,363,60.966682197554945
79264,364,61.10895827537366
79264,365,61.25117468003266
79264,366,61.39333159994575
79264,367,61.53542922241884
79264,368,61.67746773365925
79264,369,61.819447318785286
79264,370,61.96136816183564
79264,371,62.103230445778365
79264,372,62.24503435252002
79264,373,62.386780062914866
79264,374,62.528467756773445
79264,375,62.670097612871636
79264,376,62.8116698089593
79264,377,62.95318452176868
79264,378,63.094641927023204
79264,379,63.23604219944564
79264,380,63.37738551276668
79264,381,63.51867203973292
79264,382,63.65990195211511
79264,383,63.801075420716295
79264,384,63.9421926153796
79264,385,64.08325370499622
79264,386,64.22425885751312
79264,387,64.36520823994096
79264,388,64.50610201836156
79264,389,64.64694035793522
79264,390,64.78772342290887
79264,391,64.92845137662259
79264,392,65.0691243815176
79264,393,65.20974259914311
79264,394,65.35030619016361
79264,395,65.49081531436606
79264,396,65.63127013066652
79264,397,65.77167079711761
79264,398,65.91201747091488
79264,399,66.05231030840386
79264,400,66.19254946508677
