"parameter_code","parameter_desc","n_records","n_permits","n_with_value","n_nodi","units_used","stat_bases","nodi_codes","value_min","value_median","value_mean","value_max","has_limits","limit_units"
"00010","Temperature, water deg. centigrade",14682,185,12662,2018,"deg C (12664), (blank) (2018)","MAX (13394), AVG (1288)","C (1110), 2 (404), 9 (260), E (77), 7 (64), J (39), K (28), N (21), F (6), T (4), B (2), Z (2), 5 (1)",0,28,27.8582198804296,305,TRUE,"deg C (14682)"
"00011","Temperature, water deg. fahrenheit",808,6,568,240,"deg F (568), (blank) (240)","MAX (689), AVG (119)","C (177), F (36), 2 (19), K (8)",1.6,91.3,85.2855281690141,117.3,TRUE,"deg F (808)"
"00016","Temp. diff. between samp. & upstrm deg. C",77,3,72,5,"deg C (72), (blank) (5)","MAX (77)","9 (5)",0.6,1.7,1.83444444444444,5.88,TRUE,"deg C (77)"
"00070","Turbidity",7898,162,6710,1185,"NTU (6710), (blank) (1188)","MAX (7898)","C (780), 9 (286), F (57), 2 (29), J (12), E (9), 3 (3), 8 (3), K (2), T (2), P (1), Q (1)",0,6.3,75.7171785394933,7700,TRUE,"NTU (7898)"
"00080","Color [PT-CO units]",8775,154,7502,1273,"col unit (pc) (7502), (blank) (1273)","MAX (8697), TTL (78)","C (717), 9 (207), B (155), 2 (96), F (58), E (12), J (12), 8 (6), 3 (3), T (3), K (2), 7 (1), P (1)",0,7.205,365.844294854705,120000,TRUE,"col unit (pc) (8775)"
"00152","Oil and grease per production",72,1,0,72,"(blank) (72)","MAX (72)","9 (72)",,,,,TRUE,"mg/L (72)"
"00300","Oxygen, dissolved [DO]",12109,172,10733,1376,"mg/L (10729), (blank) (1376), ug/L (4)","MIN (12044), MAX (52), AVG (13)","C (817), 9 (181), 2 (163), E (88), F (51), J (39), N (20), 3 (5), P (4), T (4), 8 (2), 5 (1), K (1)",0,6.61,13.6935511972422,5240,TRUE,"mg/L (12083), ug/L (26)"
"00310","BOD, 5-day, 20 deg. C",25964,145,23794,1980,"mg/L (17643), kg/d (5993), (blank) (2078), lbs/d (226), mL/L (21), % (3)","AVG (21203), MAX (4761)","C (996), K (257), 9 (213), Z (147), E (125), 2 (121), B (34), J (20), 7 (19), 8 (14), Q (14), F (12), 3 (3), T (3), 4 (1), H (1)",0,20,327.273425611499,52338,TRUE,"mg/L (19536), kg/d (6190), lbs/d (238)"
"00340","Oxygen demand, chem. [high level] [COD]",119,1,1,118,"(blank) (118), mg/L (1)","MAX (119)","9 (111), C (5), E (1), F (1)",49,49,49,49,TRUE,"mg/L (119)"
"00400","pH",29948,188,25481,4460,"SU (25490), (blank) (4458)","MAX (14974), MIN (14974)","C (2292), 9 (818), 2 (720), F (216), 7 (120), E (81), J (78), K (59), N (42), T (10), 3 (8), B (6), Z (4), 5 (2), 8 (2), A (2)",0,7.4,8.12842510105569,7046,TRUE,"SU (29948)"
"00480","Salinity",106,12,72,34,"mg/L (45), (blank) (34), Parts per Thousand (26), Parts per Trillion (1)","MAX (106)","C (16), K (8), 2 (4), E (4), 8 (1), B (1)",0.01541,45.99,180.205644583333,3432,FALSE,"mg/L (73), Parts per Thousand (33)"
"00530","Solids, total suspended",26228,83,22783,3246,"mg/L (16223), kg/d (6330), (blank) (3337), lbs/d (316), mL/L (19), % (3)","AVG (23318), MAX (2910)","C (1785), 9 (326), K (251), B (219), 2 (202), E (148), Z (147), F (82), 8 (35), 7 (23), Q (14), 3 (8), J (6)",0,28,309.538330992407,49000,TRUE,"mg/L (18960), kg/d (6913), lbs/d (350), mL/L (5)"
"00545","Solids, settleable",11576,162,9951,1625,"mL/L (9945), (blank) (1625), mg/L (6)","MAX (11576)","C (886), 9 (226), B (219), 2 (123), F (84), J (39), N (21), E (17), 3 (3), T (3), K (2), 5 (1), 7 (1)",0,0.4,72.8178821223998,10000,FALSE,"mL/L (11566), mg/L (10)"
"00556","Oil & Grease",11440,92,7912,3438,"mg/L (7706), (blank) (3438), lbs/d (270), mL/L (16), ug/L (10)","MAX (9287), AVG (2034), TTL (119)","C (985), 9 (774), 2 (493), F (440), B (410), K (83), 8 (67), 7 (63), E (50), N (21), T (16), 3 (11), M (6), X (5), Z (5), P (4), D (3), A (1), H (1)",0,1.6,7.82753540192113,14000,TRUE,"mg/L (10962), lbs/d (350), ug/L (128)"
"00600","Nitrogen, total [as N]",3907,63,3572,335,"ug/L (3456), (blank) (335), mg/L (116)","MAX (3907)","C (309), E (13), F (7), H (2), 9 (1), B (1), K (1), T (1)",0,10625,20729.8673124341,1802000,TRUE,"ug/L (3781), mg/L (126)"
"00609","Ammonia nitrogen, total, [as N] 30 day",238,1,228,10,"lbs/d (228), (blank) (10)","AVG (119), MAX (119)","K (6), 9 (2), C (2)",0,0.1,76.3057456140351,1735,TRUE,"lbs/d (238)"
"00610","Nitrogen, ammonia total [as N]",119,1,117,2,"mg/L (117), (blank) (2)","MAX (119)","9 (1), C (1)",0,3.4,9.78042735042735,115,FALSE,"mg/L (119)"
"00625","Nitrogen, Kjeldahl, total [as N]",542,7,541,1,"ug/L (541), (blank) (1)","MAX (542)","E (1)",200,16600,15217.8373382625,113000,FALSE,"ug/L (542)"
"00630","Nitrite + Nitrate total [as N]",313,3,284,29,"ug/L (284), (blank) (29)","MAX (313)","9 (27), B (1), C (1)",0,185,2666.79217957746,80500,TRUE,"ug/L (313)"
"00665","Phosphorus, total [as P]",6817,115,5878,935,"ug/L (5016), (blank) (938), mg/L (863)","MAX (6121), AVG (696)","C (374), E (188), K (157), Z (108), 2 (75), B (11), J (9), 8 (4), 9 (3), 1 (2), P (2), 5 (1), T (1)",0,180,1123.22614535556,55000,TRUE,"ug/L (4891), mg/L (1926)"
"00670","Phosphorous, total organic [as P]",1,1,1,0,"ug/L (1)","MAX (1)","",9.5,9.5,9.5,9.5,FALSE,"ug/L (1)"
"00680","Carbon, tot organic [TOC]",1064,1,604,460,"(blank) (460), mg/L (336), lbs/d (268)","MAX (889), AVG (175)","F (328), 9 (78), T (12), M (11), C (8), K (8), 3 (6), 8 (5), P (3), D (1)",0.11,8.5,30.2924834437086,933.8,TRUE,"mg/L (714), lbs/d (350)"
"00719","Cyanide, free-water plus wastewaters",89,1,0,89,"(blank) (89)","MAX (89)","C (89)",,,,,TRUE,"ug/L (89)"
"00720","Cyanide, total [as CN]",670,26,664,5,"ug/L (664), (blank) (6)","MAX (670)","C (2), 9 (1), B (1), E (1)",1.1,2,2.70753012048193,29.8,TRUE,"ug/L (670)"
"00745","Sulfide, total [as S]",656,5,467,189,"lbs/d (274), ug/L (193), (blank) (189)","MAX (481), AVG (175)","B (108), 9 (66), K (8), C (7)",0,1.8,66.3458115631692,7440,TRUE,"lbs/d (350), ug/L (306)"
"00945","Sulfate, total [as SO4]",1669,49,1448,221,"mg/L (1206), ug/L (242), (blank) (221)","MAX (1669)","C (153), F (45), J (8), E (5), 9 (4), 3 (3), 8 (1), B (1), T (1)",0.09,33.75,52662.4233922652,3040000,TRUE,"mg/L (1309), ug/L (360)"
"00948","Asbestos",34,1,8,26,"(blank) (26), Million fibers per Liter (8)","MAX (34)","C (18), F (7), K (1)",0.812,46.2,130.3715,656,FALSE,"Million fibers per Liter (34)"
"00951","Fluoride, total [as F]",119,1,93,26,"ug/L (93), (blank) (26)","MAX (119)","9 (25), C (1)",0,0,48.9225806451613,700,TRUE,"ug/L (119)"
"01002","Arsenic, total [as As]",720,20,385,334,"ug/L (385), (blank) (335)","MAX (720)","C (185), F (81), 9 (61), 3 (3), 7 (1), 8 (1), K (1), N (1)",0,3.06,7.70981012987013,122.6,TRUE,"ug/L (720)"
"01027","Cadmium, total [as Cd]",1454,30,861,590,"ug/L (862), (blank) (592)","MAX (1450), AVG (4)","C (236), B (208), 9 (88), F (52), 3 (3), 8 (1), K (1), T (1)",0.001,0.1,0.411332171893148,10.8,TRUE,"ug/L (1454)"
"01032","Chromium, hexavalent [as Cr]",450,15,232,217,"ug/L (231), (blank) (217), lbs/d (2)","MAX (427), AVG (23)","C (86), 9 (69), F (52), 3 (3), 2 (2), 8 (2), B (2), K (1)",0,11,122.062814655172,2000,TRUE,"ug/L (412), lbs/d (38)"
"01034","Chromium, total [as Cr]",1536,5,780,756,"(blank) (756), mg/L (750), lbs/d (30)","AVG (768), MAX (768)","C (478), 9 (150), 2 (48), B (46), 8 (16), A (10), 7 (4), 3 (2), E (2)",0,0.005,0.00852574358974359,0.133,TRUE,"mg/L (1462), lbs/d (74)"
"01040","Copper, dissolved [as Cu]",20,1,2,18,"(blank) (18), ug/L (2)","AVG (10), MAX (10)","E (18)",12.4,12.4,12.4,12.4,TRUE,"ug/L (20)"
"01042","Copper, total [as Cu]",10387,157,9294,1092,"ug/L (8686), (blank) (1093), kg/d (400), mg/L (208)","MAX (10064), AVG (323)","C (608), 9 (170), B (89), F (87), 2 (66), J (39), 8 (12), E (12), 3 (3), T (3), 5 (1), D (1), K (1)",0,6.755,32.5598407876049,13800,TRUE,"ug/L (9717), kg/d (420), mg/L (250)"
"01045","Iron, total [as Fe]",640,5,580,60,"kg/d (400), mg/L (181), (blank) (59)","MAX (347), AVG (293)","F (22), 2 (14), B (11), 8 (6), C (4), E (3)",0,0.04,0.148699068965517,2.09,TRUE,"kg/d (420), mg/L (220)"
"01051","Lead, total [as Pb]",4012,91,2843,1164,"ug/L (2843), (blank) (1169)","MAX (4012)","B (599), C (279), 9 (221), F (52), D (4), 3 (3), 8 (2), E (2), 7 (1), K (1)",0,0.86,3.35854695743932,679,TRUE,"ug/L (4010), mg/L (2)"
"01059","Thallium, total [as Tl]",765,8,474,291,"ug/L (474), (blank) (291)","MAX (765)","9 (206), B (59), C (14), 8 (4), E (3), 2 (2), P (2), 7 (1)",0,0.47,1.59788333333333,35.06,TRUE,"ug/L (765)"
"01065","Nickel, dissolved [as Ni]",20,1,2,18,"(blank) (18), ug/L (2)","AVG (10), MAX (10)","E (18)",8.8,8.8,8.8,8.8,TRUE,"ug/L (20)"
"01067","Nickel, total [as Ni]",1286,15,693,593,"ug/L (693), (blank) (593)","MAX (1286)","9 (336), C (173), B (56), A (9), F (8), 8 (5), 2 (2), E (2), 7 (1), K (1)",0.002,5,20.4937402597403,335,TRUE,"ug/L (1286)"
"01077","Silver, total [as Ag]",1091,22,678,413,"ug/L (678), (blank) (413)","MAX (1091)","B (168), C (148), F (45), 2 (26), N (20), 3 (3), E (2), 8 (1)",0,0.55,1.72171327433628,16,TRUE,"ug/L (1091)"
"01092","Zinc, total [as Zn]",4243,48,2844,1399,"ug/L (1999), (blank) (1399), mg/L (844), % (1)","MAX (3398), AVG (845)","C (938), 9 (270), 2 (57), F (52), B (51), 8 (15), 3 (5), 7 (4), E (4), K (2), D (1)",0,23.925,55.1404557594937,1820,TRUE,"ug/L (2553), mg/L (1690)"
"01105","Aluminum, total [as Al]",54,2,28,26,"mg/L (28), (blank) (26)","MAX (54)","F (23), E (3)",0.004,0.05985,0.100278571428571,0.401,TRUE,"mg/L (54)"
"01147","Selenium, total [as Se]",419,8,141,278,"(blank) (278), ug/L (141)","MAX (419)","C (207), F (45), B (23), 3 (3)",0.157,4.1,6.42579432624113,150,TRUE,"ug/L (419)"
"01220","Chromium, hexavalent dissolved [as Cr]",20,1,2,18,"(blank) (18), ug/L (2)","AVG (10), MAX (10)","E (18)",0.45,0.45,0.45,0.45,TRUE,"ug/L (20)"
"01252","Arsenic",20,1,2,18,"(blank) (18), ug/L (2)","AVG (10), MAX (10)","E (18)",8.9,8.9,8.9,8.9,TRUE,"ug/L (20)"
"03615","2-Methyl-4,6-dinitrophenol",702,9,69,633,"(blank) (633), ug/L (69)","MAX (702)","C (411), B (172), F (45), 3 (3), E (1), K (1)",0,1.2,2.02898550724638,12,TRUE,"ug/L (702)"
"22414","Whole effluent toxicity",59,5,51,8,"% (51), (blank) (8)","MIN (54), MAX (5)","9 (7), E (1)",1.63,3.25,6.45588235294118,30.77,TRUE,"% (59)"
"30500","Coliform, fecal - % samples exceeding limit",814,6,688,126,"% (688), (blank) (126)","MAX (814)","C (121), B (3), E (2)",0,10,26.9256831395349,100,TRUE,"% (814)"
"31639","Enterococci: group D, MF trans, M-E, EIA",226,1,191,23,"Number per 100 Milliliters (212), (blank) (14)","AVG (113), MAX (113)","C (13), 9 (3), D (3), B (2), E (2)",0,18,6689.71471204188,724960,TRUE,"Number per 100 Milliliters (226)"
"32103","1,2-Dichloroethane",89,1,0,89,"(blank) (89)","MAX (89)","C (89)",,,,,TRUE,"ug/L (89)"
"32106","Chloroform",26,1,26,0,"ug/L (26)","MAX (26)","",1.2,1.85,3.78846153846154,16.7,TRUE,"ug/L (26)"
"34030","Benzene",89,1,0,89,"(blank) (89)","MAX (89)","C (89)",,,,,TRUE,"ug/L (89)"
"34242","Benzo[k]fluoranthene",26,1,7,19,"(blank) (19), ug/L (7)","MAX (26)","2 (19)",0.05,0.051,0.0508571428571429,0.052,TRUE,"ug/L (26)"
"34247","Benzo[a]pyrene",249,1,51,198,"(blank) (198), ug/L (51)","MAX (249)","9 (184), B (13), C (1)",0.18,0.18,0.18,0.18,TRUE,"ug/L (249)"
"34320","Chrysene",275,2,58,217,"(blank) (217), ug/L (58)","MAX (275)","9 (185), 2 (19), B (12), C (1)",0.05,0.18,0.164413793103448,0.18,TRUE,"ug/L (275)"
"34423","Methylene chloride",89,1,0,89,"(blank) (89)","MAX (89)","C (89)",,,,,TRUE,"ug/L (89)"
"34526","Benzo[a]anthracene",275,2,58,217,"(blank) (217), ug/L (58)","MAX (275)","9 (185), 2 (19), B (12), C (1)",0.05,0.18,0.164413793103448,0.18,TRUE,"ug/L (275)"
"34586","2-Chlorophenol",445,5,18,427,"(blank) (427), ug/L (18)","MAX (445)","C (250), B (128), F (45), 3 (3), E (1)",0,0.2,0.488888888888889,2,FALSE,"ug/L (445)"
"34601","2,4-Dichlorophenol",445,5,18,427,"(blank) (427), ug/L (18)","MAX (445)","C (250), B (128), F (45), 3 (3), E (1)",0,0.2,0.488888888888889,2,FALSE,"ug/L (445)"
"34606","2,4-Dimethylphenol",104,2,0,104,"(blank) (104)","MAX (104)","C (56), F (45), 3 (3)",,,,,FALSE,"ug/L (104)"
"34616","2,4-Dinitrophenol",223,3,0,223,"(blank) (223)","MAX (223)","B (119), C (56), F (45), 3 (3)",,,,,FALSE,"ug/L (223)"
"34621","2,4,6-Trichlorophenol",653,6,22,631,"(blank) (631), ug/L (22)","MAX (653)","C (408), B (173), F (45), 3 (3), E (1), K (1)",0,0.2,0.4,2,FALSE,"ug/L (653)"
"34694","Phenol",104,2,0,104,"(blank) (104)","MAX (104)","C (56), F (45), 3 (3)",,,,,FALSE,"ug/L (104)"
"38260","Surfactants [MBAS]",3144,56,2454,688,"ug/L (2430), (blank) (690), mg/L (24)","MAX (3144)","C (528), B (70), F (52), 9 (29), 3 (3), E (3), K (2), T (1)",0,59,475.282396903015,15600,TRUE,"ug/L (3144)"
"39032","Pentachlorophenol",1245,18,53,1192,"(blank) (1192), ug/L (53)","MAX (1245)","B (589), C (415), 9 (111), F (46), 2 (21), 3 (3), 8 (3), E (2), H (1), K (1)",0,1.1,2.41509433962264,11,TRUE,"ug/L (1245)"
"39100","Di[2-ethylhexyl] phthalate [DEHP]",17,1,0,17,"(blank) (17)","MAX (17)","C (17)",,,,,FALSE,"ug/L (17)"
"39120","Benzidine",249,1,51,198,"(blank) (198), ug/L (51)","MAX (249)","9 (185), B (12), C (1)",0.002,0.002,0.002,0.002,TRUE,"ug/L (249)"
"39516","Polychlorinated biphenyls [PCBs]",456,3,12,444,"(blank) (444), ug/L (12)","MAX (456)","9 (309), C (98), 2 (14), B (13), T (3), 8 (2), F (2), Q (2), E (1)",0,0,0.0416666666666667,0.5,FALSE,"ug/L (456)"
"39700","Hexachlorobenzene",249,1,51,198,"(blank) (198), ug/L (51)","MAX (249)","9 (184), B (12), 7 (1), C (1)",0.0029,0.0029,0.0029,0.0029,TRUE,"ug/L (249)"
"45600","Temperature, length of excursion",197,2,189,8,"Days (189), (blank) (8)","TTL (197)","2 (2), 3 (2), 9 (2), C (2)",0,0,29.2359788359788,751.5,TRUE,"Days (197)"
"46225","Chloride",89,1,0,89,"(blank) (89)","TTL (89)","C (89)",,,,,TRUE,"mg/L (89)"
"50008","Priority Pollutants",137,3,0,137,"(blank) (137)","MAX (137)","9 (122), E (8), C (5), F (2)",,,,,FALSE,"ug/L (137)"
"50050","Flow, in conduit or thru treatment plant",23397,188,20192,3122,"MGD (19693), (blank) (3199), gal/d (500), Cubic Meters per Day (5)","MAX (14909), AVG (8488)","C (1455), 2 (779), 9 (227), F (166), E (140), 7 (117), G (66), K (53), J (39), Q (28), N (20), P (16), B (5), Z (4), 8 (3), T (2), 3 (1), 5 (1)",0,0.43025,7410.61487212466,1512000,TRUE,"MGD (22495), gal/d (897), Cubic Meters per Day (5)"
"5005E","Flow, Excluding Stormwater Discharge",543,3,414,129,"MGD (414), (blank) (129)","MAX (439), AVG (104)","C (99), 2 (13), 7 (10), A (3), 3 (2), F (1), T (1)",0,0.2491435,93.2260971207729,751.5,TRUE,"MGD (543)"
"50060","Chlorine, total residual",12948,173,5223,7720,"(blank) (7716), ug/L (3379), mg/L (1713), Parts per Million (138), % (2)","MAX (11514), AVG (1434)","B (6307), C (849), 9 (202), 2 (132), E (71), 7 (61), J (39), K (34), A (7), 3 (6), Z (5), F (4), 8 (2), 5 (1)",0,0.81,180.284371759525,14500,TRUE,"ug/L (10530), mg/L (2219), Parts per Million (199)"
"50064","Chlorine, free available",1720,5,750,970,"(blank) (970), mg/L (718), mL/L (32)","MAX (870), AVG (850)","C (484), 9 (414), 2 (48), E (8), 7 (4), 8 (4), B (4), 3 (2), A (2)",0,0.04,0.0522192,0.8,TRUE,"mg/L (1720)"
"51173","Cyanide, free available",2538,50,2018,516,"ug/L (2018), (blank) (520)","MAX (2538)","C (263), B (95), 2 (74), F (52), H (12), 8 (6), 9 (5), 3 (3), E (3), D (1), K (1), T (1)",0,0.7,1.61881858671952,249,TRUE,"ug/L (2538)"
"51202","Sulfide-hydrogen sulfide [undissociated]",3392,63,2586,806,"ug/L (2498), (blank) (806), mg/L (88)","MAX (3392)","C (501), 9 (148), F (45), B (38), 2 (36), N (20), E (5), 3 (4), D (3), 8 (2), K (1), P (1), T (1), X (1)",0,0.1,215.016573975251,171000,TRUE,"ug/L (3304), mg/L (88)"
"51445","Nitrogen, Total",41,1,15,26,"(blank) (26), ug/L (15)","MAX (41)","9 (25), 8 (1)",15.9,1670,1593.72666666667,3250,FALSE,"ug/L (41)"
"51489","Nitrogen, Total as NO3 + NH3",113,1,104,9,"ug/L (104), (blank) (9)","MAX (113)","C (7), 9 (1), E (1)",8.51,1069.5,5924.57629807692,71700,TRUE,"ug/L (113)"
"51577","Priority Pollutant Results",119,1,1,118,"(blank) (118), Pass=0; Fail=1 (1)","MAX (119)","9 (114), C (4)",0,0,0,0,TRUE,"Pass=0; Fail=1 (119)"
"51618","Enterococci - % of upper confidence limit",300,3,292,8,"% (292), (blank) (8)","AVG (300)","C (7), E (1)",0,70,53.472602739726,104,TRUE,"% (300)"
"51712","Whole Effluent Toxicity [WET] - M. beryllina",88,9,58,30,"% (58), (blank) (30)","MIN (88)","9 (11), C (5), 8 (4), 2 (3), E (3), 3 (1), 7 (1), B (1), T (1)",0,100,84.2462068965517,100,FALSE,"% (88)"
"51713","Whole Effluent Toxicity [WET] - Americamysis bahia (formerly Mysidopsis bahia)",187,18,151,36,"% (151), (blank) (36)","MIN (187)","9 (15), C (5), E (5), 8 (4), 2 (3), 3 (1), 7 (1), B (1), T (1)",0,13.08,38.6306622516556,100,FALSE,"% (187)"
"51714","Whole Effluent Toxicity [WET] - P. promelas",379,59,339,40,"% (339), (blank) (40)","MIN (379)","9 (20), C (16), 3 (3), E (1)",1.8,100,99.2176991150443,100,FALSE,"% (379)"
"51865","Sulfates, total [as SO4]",89,2,30,59,"(blank) (59), mg/L (16), ug/L (14)","MAX (89)","9 (52), C (4), 2 (2), 8 (1)",34.6,2447.5,521738.186666667,3150000,TRUE,"mg/L (46), ug/L (43)"
"51923","Whole Effluent Toxicity  [WET] - D. magna",378,59,338,40,"% (338), (blank) (40)","MIN (378)","9 (20), C (16), 3 (3), E (1)",1.8,100,96.915798816568,100,FALSE,"% (378)"
"61211","Enterococci",10258,81,8758,1498,"Number per 100 Milliliters (8615), (blank) (1486), Number per 100 Liters (145), Colony Forming Units per 100ml (12)","AVG (5334), MAX (4924)","C (946), K (140), Z (78), E (76), 9 (74), 2 (52), B (52), 7 (38), 8 (16), F (15), 3 (4), M (2), Q (2), X (2), H (1)",0,91,2485.1499629082,1680000,TRUE,"Number per 100 Milliliters (10161), Number per 100 Liters (97)"
"70029","Phenolic compounds, total",350,1,272,78,"lbs/d (272), (blank) (78)","AVG (175), MAX (175)","9 (64), K (8), B (4), C (2)",0,0.02,0.0592279411764706,1.98,TRUE,"lbs/d (350)"
"70295","Solids, total dissolved",2472,74,1973,411,"mg/L (2016), (blank) (424), ug/L (32)","MAX (2318), AVG (154)","C (303), F (45), B (41), J (9), 3 (3), E (3), 2 (2), 8 (2), 9 (2), K (1)",0.1,240,28141.2002280791,3900000,TRUE,"mg/L (2374), ug/L (98)"
"70300","Solids, total dissolved- 180 deg. C",74,9,46,28,"mg/L (46), (blank) (28)","MAX (70), MIN (4)","C (16), K (8), 2 (2), 8 (1), E (1)",34.92,34640,28901.9580434783,100360,TRUE,"mg/L (74)"
"71900","Mercury, total [as Hg]",2415,57,1878,536,"ug/L (1878), (blank) (537)","MAX (2415)","C (378), 9 (55), F (54), B (29), 2 (9), 3 (3), 8 (3), E (3), K (1), P (1)",0,0.0047,0.0501779286474973,66,TRUE,"ug/L (2413), mg/L (2)"
"74055","Coliform, fecal general",1397,9,942,455,"Number per 100 Milliliters (894), (blank) (455), Number per 100 Liters (46), Most Probable Number (MPN) per 100ml (2)","AVG (1159), MAX (238)","C (375), B (44), 7 (19), K (9), 9 (5), E (2), F (1)",0,100,8325.27540339703,2200000,TRUE,"Number per 100 Milliliters (1397)"
"74056","Coliform, total general",357,3,275,82,"Number per 100 Milliliters (251), (blank) (82), Number per 100 Liters (23), Most Probable Number (MPN) per 100ml (1)","AVG (238), MAX (119)","C (69), B (12), K (1)",0,1000,16040.3621090909,560656.76,TRUE,"Number per 100 Milliliters (357)"
"81010","BOD, 5-day, percent removal",4528,70,4143,384,"% (4143), (blank) (385)","MIN (4528)","C (144), K (66), 9 (51), Z (37), E (32), 2 (24), 7 (19), 8 (4), F (2), 3 (1), B (1), P (1), Q (1), V (1)",-433,94,89.1417884141926,9904,TRUE,"% (4528)"
"81011","Solids, suspended percent removal",4417,70,4038,379,"% (4038), (blank) (379)","MIN (4417)","C (138), K (66), 9 (50), Z (37), E (31), 2 (24), 7 (19), Q (5), 8 (3), B (2), F (2), 3 (1), V (1)",-721,95,87.8385725606736,100,TRUE,"% (4417)"
"81017","Chemical Oxygen Demand [COD]",178,1,0,178,"(blank) (178)","AVG (89), MAX (89)","C (178)",,,,,TRUE,"mg/L (178)"
"81395","Storm water flow",2258,6,891,1367,"(blank) (1367), MGD (891)","MAX (1132), AVG (1126)","F (765), C (396), 9 (77), K (41), T (26), 3 (18), 2 (14), M (12), 8 (8), Q (4), E (3), 7 (1), A (1), N (1)",-7.85,0.37,80.7511911335578,61956.9,FALSE,"MGD (2258)"
"82230","Ammonia & ammonium- total",7524,125,7078,445,"ug/L (5765), mg/L (1313), (blank) (446)","MAX (7524)","C (312), B (94), J (20), K (8), E (6), 5 (1), 9 (1), H (1), P (1), T (1)",0,100,876.313108929076,77100,TRUE,"ug/L (6144), mg/L (1380)"
"TCP3A","% Effect Static Chronic Arbacia punctulata",165,10,156,9,"% (156), (blank) (9)","MIN (165)","9 (6), E (3)",1,9.09,27.401858974359,417,TRUE,"% (165)"
"TDA6A","NOAEL Static 48Hr Acute Cyprinodon variegatus",99,9,93,6,"% (93), (blank) (6)","MIN (99)","9 (4), E (2)",1,6.3,8.28731182795699,21.1,FALSE,"% (99)"
"TPP6A","NOEC Sub-Lethal Static Renewal 7 Day Chronic Cyprinodeon variegatus",137,9,128,9,"% (128), (blank) (9)","MIN (137)","9 (6), E (3)",0.89,9.09,25.4975,476.2,FALSE,"% (137)"
"TPP6C","NOEC Sub-Lethal Static Renewal 7 Day Chronic Pimephales promelas",1,1,0,1,"(blank) (1)","MIN (1)","9 (1)",,,,,FALSE,"% (1)"
"TQT3C","% Coefficient Of Variation 21 Day Chronic Daphnia Magna",1,1,0,1,"(blank) (1)","MIN (1)","9 (1)",,,,,FALSE,"% (1)"
"TS000","Toxicity, Acute",42,1,3,39,"(blank) (39), Toxicity Units (3)","MAX (42)","9 (35), 2 (2), 3 (2)",100,100,100,100,FALSE,"Toxicity Units (42)"
"TZP3E","% Growth Reduction Static Renewal 7 Day Chronic Americamysis bahia (formerly Mysidopsis bahia)",137,9,128,9,"% (128), (blank) (9)","MIN (137)","9 (6), E (3)",1.63,12.2,26.33234375,156,FALSE,"% (137)"
